<?xml version="1.0"?>
<COLLADA xmlns="http://www.collada.org/2005/11/COLLADASchema" version="1.4.1">
	<asset>
		<contributor>
			<author>Assimp</author>
			<authoring_tool>Assimp Exporter</authoring_tool>
		</contributor>
		<created>2024-02-13T15:10:16</created>
		<modified>2024-02-13T15:10:16</modified>
		<unit name="meter" meter="1.000000" />
		<up_axis>Y_UP</up_axis>
	</asset>
	<library_effects>
		<effect id="lambert1-fx" name="lambert1">
			<profile_COMMON>
				<technique sid="standard">
					<phong>
						<diffuse>
							<color sid="diffuse">0.500000   0.500000   0.500000   1.000000</color>
						</diffuse>
					</phong>
				</technique>
			</profile_COMMON>
		</effect>
	</library_effects>
	<library_materials>
		<material id="lambert1" name="lambert1">
			<instance_effect url="#lambert1-fx"/>
		</material>
	</library_materials>
	<library_geometries>
		<geometry id="meshId0" name="meshId0_name" >
			<mesh>
				<source id="meshId0-positions" name="meshId0-positions">
					<float_array id="meshId0-positions-array" count="4989"> 
						-59.659779 122.394775 -4.558590 -61.524052 122.394775 -10.886381 -61.524052 128.963928 -10.886381 -59.659779 128.963928 -4.558590 -64.427734 122.394775 -15.908144 -64.427734 128.963928 -15.908144 -68.086586 122.394775 -19.132307 -68.086586 128.963928 -19.132307 -68.086586 122.394775 -19.132307 -72.142448 122.394775 -20.243277 -72.142448 128.963928 -20.243277 -68.086586 128.963928 -19.132307 -76.198311 122.394775 -19.132307 -76.198311 128.963928 -19.132307 -76.198311 122.394775 -19.132307 -79.857155 122.394775 -15.908136 -79.857155 128.963928 -15.908136 -76.198311 128.963928 -19.132307 -82.760841 122.394775 -10.886377 -82.760841 128.963928 -10.886377 -84.625114 122.394775 -4.558588 -84.625114 128.963928 -4.558588 -85.267502 122.394775 2.455820 -85.267502 128.963928 2.455820 -84.625114 122.394775 9.470224 -84.625114 128.963928 9.470224 -82.760834 122.394775 15.798010 -82.760834 128.963928 15.798010 -79.857155 122.394775 20.819771 -79.857155 128.963928 20.819771 -76.198311 122.394775 24.043938 -76.198311 128.963928 24.043938 -76.198311 122.394775 24.043938 -72.142448 122.394775 25.154911 -72.142448 128.963928 25.154911 -76.198311 128.963928 24.043938 -68.086586 122.394775 24.043938 -68.086586 128.963928 24.043938 -68.086586 122.394775 24.043938 -64.427742 122.394775 20.819769 -64.427742 128.963928 20.819769 -68.086586 128.963928 24.043938 -61.524063 122.394775 15.798010 -61.524063 128.963928 15.798010 -59.659786 122.394775 9.470222 -59.659786 128.963928 9.470222 -59.017395 122.394775 2.455820 -59.017395 128.963928 2.455820 -61.524052 122.394775 -10.886381 -59.659779 122.394775 -4.558590 -72.142448 122.394775 2.455820 -64.427734 122.394775 -15.908144 -68.086586 122.394775 -19.132307 -72.142448 122.394775 -20.243277 -76.198311 122.394775 -19.132307 -79.857155 122.394775 -15.908136 -82.760841 122.394775 -10.886377 -84.625114 122.394775 -4.558588 -85.267502 122.394775 2.455820 -84.625114 122.394775 9.470224 -82.760834 122.394775 15.798010 -79.857155 122.394775 20.819771 -76.198311 122.394775 24.043938 -72.142448 122.394775 25.154911 
						-68.086586 122.394775 24.043938 -64.427742 122.394775 20.819769 -61.524063 122.394775 15.798010 -59.659786 122.394775 9.470222 -59.017395 122.394775 2.455820 -59.659779 128.963928 -4.558590 -61.524052 128.963928 -10.886381 -72.142448 128.963928 2.455820 -64.427734 128.963928 -15.908144 -68.086586 128.963928 -19.132307 -72.142448 128.963928 -20.243277 -76.198311 128.963928 -19.132307 -79.857155 128.963928 -15.908136 -82.760841 128.963928 -10.886377 -84.625114 128.963928 -4.558588 -85.267502 128.963928 2.455820 -84.625114 128.963928 9.470224 -82.760834 128.963928 15.798010 -79.857155 128.963928 20.819771 -76.198311 128.963928 24.043938 -72.142448 128.963928 25.154911 -68.086586 128.963928 24.043938 -64.427742 128.963928 20.819769 -61.524063 128.963928 15.798010 -59.659786 128.963928 9.470222 -59.017395 128.963928 2.455820 -74.076096 162.055222 34.120556 -73.948906 164.028397 41.776482 -76.340805 163.942841 39.294106 -76.451019 162.057220 32.537369 -71.641075 162.090973 34.082504 -71.513947 164.065369 41.737270 -69.219376 162.132004 33.391579 -69.092186 164.105179 41.047508 -66.924011 162.207855 31.107430 -66.813812 164.093475 37.864174 -78.369423 152.910339 16.209524 -79.160088 141.074280 16.234488 -77.313065 141.093475 18.170294 -78.764717 152.894073 18.481852 -78.764717 152.894073 18.481852 -77.313065 141.093475 18.170294 -75.542610 141.113892 19.548983 -75.574753 143.386749 19.559988 -78.763481 152.894043 18.482462 -67.884819 143.508362 18.405771 -67.852699 141.235504 18.394762 -66.148956 141.270020 16.494612 -64.933716 153.112732 16.405901 -64.934914 153.112762 16.406851 -73.669388 143.412201 20.286585 -73.637260 141.139313 20.275911 -71.670181 141.168976 20.322435 -71.702301 143.441681 20.333227 -69.716972 141.201294 19.687471 -69.749107 143.474213 19.698175 -71.571022 197.336578 64.625443 -71.580376 192.184586 60.549057 -69.167633 191.264832 55.860237 -71.513947 164.065369 41.737270 -69.092186 164.105179 41.047508 -71.179016 164.038666 60.587151 -73.948906 164.028397 41.776482 -71.580376 192.184586 60.549057 
						-71.571022 197.336578 64.625443 -74.140877 191.186188 56.606697 -71.768440 155.572540 23.229334 -71.705467 159.218857 28.893206 -74.140648 159.180115 28.921059 -74.203690 155.535858 23.254950 -69.346985 155.612671 22.525988 -69.283920 159.256927 28.192095 -67.037224 155.646698 20.921579 -66.984177 159.190979 26.023600 -76.511185 159.040344 27.453535 -76.564224 155.496048 22.351530 -64.933716 153.112732 16.405901 -66.148956 141.270020 16.494612 -64.391815 141.307800 14.017860 -65.418755 153.115082 14.265690 -74.195076 163.373566 29.179449 -74.140648 159.180115 28.921059 -71.705467 159.218857 28.893206 -71.759964 163.410614 29.147280 -69.283920 159.256927 28.192095 -69.338371 163.450348 28.450480 -76.451019 162.057220 32.537369 -76.568245 163.308624 27.635469 -74.195076 163.373566 29.179449 -74.076096 162.055222 34.120556 -71.759964 163.410614 29.147280 -71.641075 162.090973 34.082504 -69.338371 163.450348 28.450480 -69.219376 162.132004 33.391579 -67.041245 163.459259 26.205530 -66.924011 162.207855 31.107430 -73.669388 143.412201 20.286585 -74.203690 155.535858 23.254950 -76.564224 155.496048 22.351530 -75.574753 143.386749 19.559988 -71.702301 143.441681 20.333227 -71.768440 155.572540 23.229334 -69.749107 143.474213 19.698175 -69.346985 155.612671 22.525988 -67.884819 143.508362 18.405771 -67.037224 155.646698 20.921579 -69.338371 163.450348 28.450480 -69.283920 159.256927 28.192095 -66.984177 159.190979 26.023600 -67.041245 163.459259 26.205530 -76.568245 163.308624 27.635469 -76.511185 159.040344 27.453535 -74.140648 159.180115 28.921059 -74.195076 163.373566 29.179449 -72.225632 247.021881 67.214539 -72.227608 251.478424 70.244728 -74.724243 247.385757 65.126091 -72.225632 247.021881 67.214539 -72.117836 242.317352 69.227928 -69.838058 247.462982 64.392715 -74.598251 316.384674 -3.449326 -74.679192 322.000397 -3.499836 -72.243073 321.980804 -3.528378 -72.162132 316.364532 -3.478157 -79.331360 316.077148 -1.404953 -79.412277 321.692291 -1.454884 -77.099907 321.902985 -2.799711 -77.018951 316.287720 -2.749165 
						-69.885414 321.844910 -2.884350 -69.804474 316.227783 -2.834873 -81.476730 392.744202 8.819649 -81.134605 368.157440 8.435572 -81.541290 367.907654 10.687986 -81.885674 392.682587 11.093368 -79.528526 442.405121 14.035412 -81.029823 419.018494 10.834550 -81.495422 418.989960 12.860706 -80.115952 442.408508 15.823824 -79.120056 494.068665 11.596817 -79.102974 467.443390 12.286905 -79.344719 467.478821 13.417965 -79.188873 494.136688 12.533211 -79.973457 467.521606 14.985649 -79.858910 494.218994 13.880041 -79.113785 442.402344 12.709517 -80.843521 347.532104 8.314463 -81.247963 347.094666 10.545788 -80.633026 321.390381 0.348553 -81.002251 316.511810 1.218182 -81.001862 316.511688 1.220055 -80.560684 312.405792 -2.389217 -80.350197 286.264008 -10.355125 -80.755737 285.928558 -8.105793 -73.886353 379.465729 78.270973 -74.045853 386.075439 75.105026 -76.846939 386.247620 71.610519 -78.251625 524.291870 8.017569 -79.188873 494.136688 12.533211 -79.858910 494.218994 13.880041 -79.030197 524.442993 8.769121 -69.813011 312.856232 -5.621908 -69.804474 316.227783 -2.834873 -68.006325 315.593628 0.694500 -68.014885 312.221924 -2.094440 -79.113785 442.402344 12.709517 -80.051201 419.049744 9.233770 -81.029823 419.018494 10.834550 -79.528526 442.405121 14.035412 -75.528557 469.756409 63.369415 -75.377090 464.517883 66.988052 -73.759956 469.709839 60.059456 -74.606789 313.014557 -6.235455 -74.598251 316.384674 -3.449326 -72.162132 316.364532 -3.478157 -72.170670 312.993744 -6.264669 -79.339912 312.707489 -4.191496 -79.331360 316.077148 -1.404953 -77.018951 316.287720 -2.749165 -77.027512 312.917725 -5.535460 -69.804474 316.227783 -2.834873 -69.813011 312.856232 -5.621908 -77.027512 312.917725 -5.535460 -76.816391 286.715210 -13.513338 -79.129036 286.527924 -12.164686 -79.339912 312.707489 -4.191496 -69.813011 312.856232 -5.621908 -69.602158 286.678589 -13.594629 -71.959564 286.792023 -14.242353 -72.170670 312.993744 -6.264669 -74.606789 313.014557 -6.235455 -74.395584 286.804260 -14.214811 -78.638817 524.164307 7.604018 
						-79.120056 494.068665 11.596817 -79.188873 494.136688 12.533211 -78.251625 524.291870 8.017569 -74.085632 392.059265 77.486313 -74.045853 386.075439 75.105026 -71.406677 386.333740 70.793930 -78.638817 524.164307 7.604018 -78.251625 524.291870 8.017569 -77.092400 563.328064 9.772384 -79.523094 164.124298 -11.030066 -77.913231 141.218994 -11.332335 -79.670494 141.181000 -8.855463 -79.038048 164.121979 -8.889843 -79.129036 286.527924 -12.164686 -77.404457 164.165344 -12.992525 -80.755737 285.928558 -8.105793 -80.350197 286.264008 -10.355125 -67.868843 170.900360 38.002163 -66.813812 164.093475 37.864174 -67.502907 184.829437 18.439035 -67.483841 193.591492 25.526693 -68.178932 192.779602 38.066078 -65.418755 153.115082 14.265690 -64.391815 141.307800 14.017860 -64.446503 141.319183 11.329469 -65.566505 159.657501 11.571815 -64.508911 141.332153 8.262121 -65.694069 164.244522 8.500683 -64.576607 141.346359 4.933994 -65.761772 164.258728 5.172585 -65.902596 164.288010 -1.749716 -65.970291 164.302185 -5.077799 -66.032707 164.315338 -8.145283 -66.087395 164.326736 -10.833662 -67.804955 286.133362 -10.049652 -67.248726 282.400055 14.754961 -64.785126 141.389984 -5.316515 -64.847527 141.403107 -8.383715 -64.902206 141.414505 -11.072092 -69.092186 164.105179 41.047508 -71.179016 164.038666 60.587151 -64.934914 153.112762 16.406851 -64.933716 153.112732 16.405901 -65.418755 153.115082 14.265690 -64.934914 153.112762 16.406851 -68.524132 282.351013 36.519352 -68.047089 250.569839 37.739147 -67.586357 216.144257 36.298019 -68.715683 248.877655 50.965988 -69.172394 281.497864 51.337830 -72.117836 242.317352 69.227928 -71.720932 212.626877 67.963684 -68.995987 219.641251 55.286270 -69.838058 247.462982 64.392715 -68.021515 344.764954 20.415407 -67.579201 304.731079 14.130623 -67.934601 313.758331 2.942297 -68.087227 321.210999 0.646675 -68.297180 347.299469 8.601959 -73.159264 331.881805 80.730019 -72.853523 306.231445 77.805183 -69.635033 308.344666 47.366966 -70.650688 337.793457 56.610222 -68.938744 308.342133 34.316380 
						-70.469528 343.980865 31.641634 -72.042374 442.551483 16.683855 -69.996117 419.145691 13.518612 -70.044670 419.171021 11.141987 -72.084030 442.535583 14.618275 -71.252762 387.149414 61.558563 -70.951736 362.471375 59.084663 -69.918343 368.061707 27.923155 -70.177399 388.957489 29.813482 -74.429077 414.970703 77.364677 -74.085632 392.059265 77.486313 -71.406677 386.333740 70.793930 -72.081047 418.720306 61.256546 -74.392632 495.449036 30.805687 -73.543236 469.565735 34.339428 -72.820526 469.833710 24.599108 -73.796829 495.290100 21.468725 -74.564529 493.128113 41.702431 -73.684189 468.959534 51.996483 -72.985443 440.153992 50.089027 -71.118134 416.562500 31.260561 -72.803085 444.155670 32.819138 -74.986259 442.695496 70.286713 -68.432594 368.502899 16.804609 -68.694237 389.601746 18.709406 -75.377090 464.517883 66.988052 -73.759956 469.709839 60.059456 -75.930267 524.492004 8.303852 -75.917450 524.690918 9.075619 -73.925705 494.425842 14.507954 -73.954803 494.312347 12.993864 -76.253143 529.969421 26.870260 -76.092484 526.848511 22.226015 -75.844063 526.561401 14.006687 -77.092400 563.328064 9.772384 -77.243721 538.003113 29.695698 -76.046844 493.511780 55.310829 -71.949257 444.550018 22.677092 -69.822777 417.083801 20.618200 -72.970001 467.696381 15.729750 -73.005379 467.631805 13.939769 -68.590523 368.112488 8.744143 -68.934898 392.887390 9.149513 -68.879440 392.820862 11.837025 -71.571022 197.336578 64.625443 -69.167633 191.264832 55.860237 -71.421753 183.825287 62.503548 -72.486435 275.959442 74.662155 -72.227608 251.478424 70.244728 -66.924011 162.207855 31.107430 -67.041245 163.459259 26.205530 -66.984177 159.190979 26.023600 -67.037224 155.646698 20.921579 -67.884819 143.508362 18.405771 -73.886353 379.465729 78.270973 -73.520287 357.493195 80.901428 -75.606934 475.459503 63.693169 -68.014885 312.221924 -2.094440 -68.006325 315.593628 0.694500 -71.580376 192.184586 60.549057 -71.421753 183.825287 62.503548 -69.167633 191.264832 55.860237 -71.421753 183.825287 62.503548 -71.580376 192.184586 60.549057 
						-74.140877 191.186188 56.606697 -66.087395 164.326736 -10.833662 -64.902206 141.414505 -11.072092 -66.749115 141.395508 -13.008017 -65.692108 164.342987 -13.106020 -66.087395 164.326736 -10.833662 -65.692108 164.342987 -13.106020 -67.877457 164.316010 -14.422461 -66.087395 164.326736 -10.833662 -67.877457 164.316010 -14.422461 -69.602158 286.678589 -13.594629 -67.804955 286.133362 -10.049652 -68.014885 312.221924 -2.094440 -69.813011 312.856232 -5.621908 -79.038048 164.121979 -8.889843 -79.670494 141.181000 -8.855463 -79.615791 141.169586 -6.167072 -78.983360 164.110504 -6.201466 -79.553398 141.156448 -3.099863 -78.920967 164.097382 -3.133982 -79.485695 141.142303 0.228239 -78.853264 164.083252 0.194105 -79.415291 141.127655 3.689375 -78.782867 164.068542 3.655258 -79.344879 141.112854 7.150620 -78.712448 164.053986 7.116421 -79.277176 141.098633 10.478748 -78.644737 164.039734 10.444504 -79.214783 141.085663 13.546096 -78.517181 159.452728 13.515636 -79.160088 141.074280 16.234488 -78.369423 152.910339 16.209524 -75.492271 170.779816 39.146400 -76.340805 163.942841 39.294106 -73.948906 164.028397 41.776482 -71.179016 164.038666 60.587151 -75.802391 192.659058 39.210312 -77.006851 193.206635 26.989920 -77.029907 184.678787 19.868986 -80.755737 285.928558 -8.105793 -80.199516 282.195343 16.698763 -76.339142 248.757095 52.110207 -75.149490 219.543930 56.209892 -71.720932 212.626877 67.963684 -72.117836 242.317352 69.227928 -74.724243 247.385757 65.126091 -78.159462 343.859253 32.795856 -78.465614 308.191498 35.746338 -77.258476 308.224060 48.511192 -76.804199 337.696136 57.533859 -72.853523 306.231445 77.805183 -73.159264 331.881805 80.730019 -81.247963 347.094666 10.545788 -81.001862 316.511688 1.220055 -80.529976 304.526306 16.074465 -80.972282 344.560181 22.359293 -79.981178 444.423004 23.882639 -81.273521 416.902740 22.336874 -79.541496 416.429138 32.524986 -78.711563 444.062317 33.705978 -79.704277 388.806763 31.243576 -79.445236 367.911011 29.353062 -77.105247 362.374054 60.008270 -77.406288 387.052063 62.482216 
						-81.644997 389.396942 20.653284 -81.383362 368.298126 18.748468 -81.885674 392.682587 11.093368 -81.541290 367.907654 10.687986 -77.521805 418.634247 62.073174 -76.846939 386.247620 71.610519 -74.085632 392.059265 77.486313 -74.429077 414.970703 77.364677 -77.713394 440.079224 50.798683 -74.986259 442.695496 70.286713 -80.115952 442.408508 15.823824 -81.495422 418.989960 12.860706 -78.373009 526.812561 22.568293 -78.735901 495.380310 31.457596 -78.039948 493.073120 42.224052 -78.077881 529.940613 27.144125 -77.785934 468.894714 52.612133 -75.377090 464.517883 66.988052 -77.418015 469.652039 60.608551 -78.669159 469.484467 35.108711 -79.858910 494.218994 13.880041 -79.973457 467.521606 14.985649 -79.788605 469.723541 25.644987 -79.700935 495.196777 22.354898 -78.943993 526.512329 14.471983 -77.092400 563.328064 9.772384 -76.046844 493.511780 55.310829 -77.243721 538.003113 29.695698 -79.030197 524.442993 8.769121 -76.795845 281.377289 52.482025 -78.051033 282.200378 37.949245 -77.573990 250.419189 39.169098 -77.109253 215.759384 37.761253 -74.140877 191.186188 56.606697 -71.571022 197.336578 64.625443 -72.227608 251.478424 70.244728 -72.486435 275.959442 74.662155 -78.763481 152.894043 18.482462 -75.574753 143.386749 19.559988 -76.564224 155.496048 22.351530 -76.511185 159.040344 27.453535 -78.763481 152.894043 18.482462 -76.511185 159.040344 27.453535 -76.568245 163.308624 27.635469 -76.451019 162.057220 32.537369 -78.369423 152.910339 16.209524 -78.764717 152.894073 18.481852 -78.763481 152.894043 18.482462 -73.520287 357.493195 80.901428 -73.886353 379.465729 78.270973 -75.606934 475.459503 63.693169 -71.421753 183.825287 62.503548 -70.233139 164.283264 -15.081648 -70.424911 141.349457 -15.113489 -72.391983 141.320038 -15.160189 -72.668427 164.246414 -15.058039 -74.345215 141.287476 -14.525080 -75.089844 164.206451 -14.352671 -76.209496 141.253326 -13.232679 -77.404457 164.165344 -12.992525 -77.913231 141.218994 -11.332335 -79.523094 164.124298 -11.030066 -65.692108 164.342987 -13.106020 -66.749115 141.395508 -13.008017 
						-68.519554 141.374969 -14.386889 -67.877457 164.316010 -14.422461 -71.959564 286.792023 -14.242353 -74.395584 286.804260 -14.214811 -76.816391 286.715210 -13.513338 -79.129036 286.527924 -12.164686 -69.602158 286.678589 -13.594629 -72.227608 251.478424 70.244728 -72.225632 247.021881 67.214539 -69.838058 247.462982 64.392715 -72.117836 242.317352 69.227928 -72.225632 247.021881 67.214539 -74.724243 247.385757 65.126091 -75.606934 475.459503 63.693169 -75.528557 469.756409 63.369415 -73.759956 469.709839 60.059456 -73.205315 442.495758 11.822670 -71.627823 419.182983 7.969479 -73.710648 419.160034 7.386866 -74.669113 442.466888 11.264260 -76.180466 442.441040 11.228539 -75.863846 419.129211 7.407822 -78.004837 419.092102 8.031398 -77.681259 442.419189 11.716343 -75.517517 392.913391 4.926842 -75.178421 368.581299 4.571701 -77.599396 368.505493 5.273621 -77.938858 392.866577 5.631922 -70.726166 392.955292 5.561905 -70.385696 368.508209 5.193518 -72.742584 368.582275 4.544617 -73.082024 392.943451 4.902910 -79.912590 368.357544 6.623452 -80.253052 392.804688 6.991840 -80.051201 419.049744 9.233770 -79.113785 442.402344 12.709517 -76.963089 494.046021 10.510212 -76.557854 467.451508 11.003184 -77.859848 467.438904 11.426256 -78.066399 494.042969 10.868480 -74.776772 494.137329 10.944910 -73.977058 467.524384 11.517543 -75.246758 467.480194 11.034037 -75.852249 494.077942 10.536134 -79.102974 467.443390 12.286905 -79.120056 494.068665 11.596817 -76.358292 524.200317 7.261745 -76.922142 524.116821 7.055699 -77.092400 563.328064 9.772384 -77.505005 524.082458 7.044959 -78.084633 524.098572 7.230190 -78.638817 524.164307 7.604018 -72.454193 348.182709 4.449203 -74.890396 348.210663 4.479500 -77.311020 348.105896 5.178179 -79.623154 347.871979 6.518539 -70.096268 348.022583 5.088617 -70.096268 348.022583 5.088617 -69.885414 321.844910 -2.884350 -72.243073 321.980804 -3.528378 -72.454193 348.182709 4.449203 -74.679192 322.000397 -3.499836 -74.890396 348.210663 4.479500 -77.311020 348.105896 5.178179 
						-77.099907 321.902985 -2.799711 -79.412277 321.692291 -1.454884 -79.623154 347.871979 6.518539 -74.045853 386.075439 75.105026 -74.085632 392.059265 77.486313 -76.846939 386.247620 71.610519 -72.084030 442.535583 14.618275 -70.044670 419.171021 11.141987 -71.627823 419.182983 7.969479 -73.205315 442.495758 11.822670 -68.934898 392.887390 9.149513 -68.590523 368.112488 8.744143 -70.385696 368.508209 5.193518 -70.726166 392.955292 5.561905 -73.954803 494.312347 12.993864 -73.005379 467.631805 13.939769 -73.977058 467.524384 11.517543 -74.776772 494.137329 10.944910 -75.930267 524.492004 8.303852 -76.358292 524.200317 7.261745 -77.092400 563.328064 9.772384 -68.297180 347.299469 8.601959 -70.096268 348.022583 5.088617 -68.087227 321.210999 0.646675 -69.885414 321.844910 -2.884350 -69.804474 316.227783 -2.834873 -68.006325 315.593628 0.694500 -79.339912 312.707489 -4.191496 -79.129036 286.527924 -12.164686 -80.350197 286.264008 -10.355125 -80.560684 312.405792 -2.389217 -80.633026 321.390381 0.348553 -80.552132 315.775299 0.397917 -81.002251 316.511810 1.218182 -79.412277 321.692291 -1.454884 -79.331360 316.077148 -1.404953 -79.623154 347.871979 6.518539 -79.412277 321.692291 -1.454884 -80.633026 321.390381 0.348553 -80.843521 347.532104 8.314463 -80.253052 392.804688 6.991840 -79.912590 368.357544 6.623452 -81.134605 368.157440 8.435572 -81.476730 392.744202 8.819649 -80.051201 419.049744 9.233770 -81.029823 419.018494 10.834550 -79.623154 347.871979 6.518539 -80.843521 347.532104 8.314463 -80.552132 315.775299 0.397917 -80.560684 312.405792 -2.389217 -81.002251 316.511810 1.218182 -78.251625 524.291870 8.017569 -79.030197 524.442993 8.769121 -77.092400 563.328064 9.772384 -75.528557 469.756409 63.369415 -75.606934 475.459503 63.693169 -77.418015 469.652039 60.608551 -80.560684 312.405792 -2.389217 -80.552132 315.775299 0.397917 -79.331360 316.077148 -1.404953 -79.339912 312.707489 -4.191496 -75.377090 464.517883 66.988052 -75.528557 469.756409 63.369415 -77.418015 469.652039 60.608551 
						-74.045853 386.075439 75.105026 -73.886353 379.465729 78.270973 -71.406677 386.333740 70.793930 -79.772217 107.708984 -12.829306 -79.772217 54.509338 -13.961012 -79.772217 54.509338 -12.506845 -79.772217 107.708984 -11.622034 -78.520638 7.633408 -19.510466 -78.518784 17.180634 -17.172865 -65.231094 17.180634 -17.172865 -65.229240 7.633408 -19.510466 -63.977657 7.205750 17.082479 -63.977657 17.394485 15.917280 -63.977657 17.474808 17.830929 -63.977657 7.205750 18.975513 -65.230537 7.205750 22.279549 -65.232841 17.608292 21.010994 -78.517029 17.608292 21.010994 -78.519341 7.205750 22.279549 -78.509705 107.708984 18.976063 -78.513847 54.509384 20.155811 -65.236023 54.509384 20.155811 -65.240173 107.708984 18.976063 -63.720409 -1.414520 -21.989367 -63.977657 7.498413 -16.163687 -63.977657 7.419525 -14.206499 -63.720409 -1.414520 -18.806456 -79.772217 7.419525 -14.206499 -79.772217 17.180649 -12.506861 -79.772217 17.180649 -13.891317 -79.772217 7.498413 -16.163687 -63.977657 107.708984 15.956356 -63.977657 54.509338 17.060486 -63.977657 54.509338 15.489773 -63.977657 107.708984 14.604929 -79.815315 -20.657455 -20.330259 -80.029472 -1.414520 -18.806456 -80.029472 -1.414520 -21.989367 -79.989548 -13.726578 -32.523674 -78.766304 -12.264664 -35.172829 -78.779320 -1.414520 -25.572470 -64.970558 -1.414520 -25.572470 -64.981606 -12.264664 -35.172829 -80.029472 -1.414520 25.082273 -79.772217 7.205750 18.975513 -79.772217 7.205750 17.082479 -80.029472 -1.414520 21.789442 -79.603020 -23.786270 39.202103 -79.918015 -11.681534 34.410061 -79.755157 -18.385300 27.021492 -79.508186 -26.085220 31.429939 -78.624878 -24.144089 -38.526024 -78.766304 -12.264664 -35.172829 -64.981606 -12.264664 -35.172829 -65.103119 -24.144089 -38.526024 -63.755516 -13.726578 -32.523674 -63.908859 -20.657455 -20.330259 -64.287186 -37.691330 -31.778379 -63.935440 -25.408554 -35.491524 -64.127174 -29.615524 -25.476225 -64.360466 -37.686295 -26.439486 -79.567360 -29.615524 -25.476225 -79.785126 -25.408554 -35.491524 -78.275429 -37.666916 -34.571259 
						-65.403572 -37.666916 -34.571259 -77.636681 -55.525589 -22.470362 -77.893494 -47.714310 -27.415205 -65.732025 -47.714310 -27.415205 -65.952965 -55.525589 -22.470362 -79.302345 -37.686295 -26.439486 -79.385582 -37.691330 -31.778379 -79.090378 -38.038559 37.637486 -79.062378 -38.050797 31.294968 -64.953827 -56.173019 -19.405054 -64.688042 -47.872025 -24.562719 -64.736717 -48.028702 -21.338034 -64.986313 -56.749039 -16.695623 -78.763680 -46.622055 34.013584 -78.741035 -46.941574 30.074469 -78.875023 -48.028702 -21.338034 -78.930252 -47.872025 -24.562719 -78.591415 -56.749039 -16.695623 -78.628380 -56.173019 -19.405054 -78.532356 -62.002853 -13.057829 -77.500618 -62.002853 -14.946070 -77.636681 -55.525589 -22.470362 -65.952965 -55.525589 -22.470362 -66.069992 -62.002853 -14.946070 -78.578072 -53.517136 30.488968 -78.573586 -53.555191 29.003553 -79.232765 143.102417 -10.678230 -79.232651 143.110138 -11.336870 -78.532356 -62.002853 -13.057829 -78.230148 -62.002853 -14.393072 -65.340462 -62.002853 -14.393072 -65.038261 -62.002853 -13.057829 -78.532356 -58.199661 28.785818 -65.038261 -62.002853 -13.057829 -65.001511 -53.571762 28.263004 -65.001953 -53.555191 29.003553 -65.038261 -58.199661 28.785818 -64.571777 -38.050797 31.294968 -64.179344 -26.085220 31.429939 -64.095779 -23.786270 39.202103 -64.547066 -38.038559 37.637486 -64.854515 -46.941574 30.074469 -64.834610 -46.622055 34.013584 -78.532356 -62.002853 -13.057829 -65.038261 -62.002853 -13.057829 -65.451042 -62.002853 -11.722692 -66.447662 -62.002853 -11.169588 -77.122520 -62.002853 -11.169588 -78.119354 -62.002853 -11.722692 -63.961803 -18.385300 27.021492 -63.818520 -11.681534 34.410061 -63.720409 -1.414520 21.789442 -63.720409 -1.414520 25.082273 -78.532356 -58.199661 28.785818 -78.119354 -58.137131 27.388014 -77.122520 -58.111191 26.809090 -66.447662 -58.111191 26.809090 -65.451149 -58.137131 27.388014 -65.038261 -58.199661 28.785818 -79.772217 54.509338 -8.485596 -79.772217 107.708984 -7.854937 -63.977657 107.708984 -11.622034 -63.977657 54.509338 -12.506845 -63.977657 54.509338 -13.961012 
						-63.977657 107.708984 -12.829306 -64.853966 -47.173538 26.840479 -63.977657 17.180649 -13.891317 -63.977657 17.180649 -12.506861 -78.582443 -57.143692 -14.855181 -78.385460 -24.570633 1.623623 -65.335869 -24.570633 1.623623 -65.435295 -26.484116 10.240587 -78.272583 -26.484116 10.240587 -79.820786 -22.970261 1.609184 -80.027061 -10.048660 1.492807 -79.992607 -12.465469 -5.967083 -79.720268 -25.085037 -3.902855 -64.552750 -37.927750 25.805353 -77.686012 -37.857895 22.690145 -65.951538 -37.857895 22.690145 -66.262932 -47.394272 23.765631 -77.332405 -47.394272 23.765631 -66.408836 -53.641495 25.154926 -77.166481 -53.641495 25.154926 -78.075821 -28.683762 18.500986 -65.608543 -28.683762 18.500986 -66.447662 -58.111191 26.809090 -77.122520 -58.111191 26.809090 -78.574135 -53.571762 28.262897 -78.883339 -47.254044 -17.562201 -79.252144 -37.806351 -18.665682 -78.741806 -47.173538 26.840479 -79.083923 -37.927750 25.805246 -64.178139 -27.578629 21.086933 -63.814365 -13.116043 17.973040 -79.509499 -27.579208 21.087040 -64.102676 -28.396988 -12.802446 -64.404655 -37.806351 -18.665358 -63.797081 -14.947983 -13.331053 -63.752785 -12.465469 -5.967083 -63.992638 -25.086319 -3.902637 -80.029472 -1.414505 15.023533 -79.922722 -13.116043 17.973040 -79.994690 -11.478378 9.790728 -80.029472 -1.414520 8.257516 -80.029472 -1.414520 1.491493 -80.029472 -1.414505 -5.274525 -80.029472 -1.414520 -12.040545 -79.942406 -14.947983 -13.331053 -63.720409 -1.414520 -12.040545 -63.720409 -1.414505 -5.274525 -63.720409 -1.414520 1.491493 -63.722488 -10.048660 1.492807 -63.751038 -11.478378 9.790728 -63.720409 -1.414520 8.257516 -63.720409 -1.414505 15.023533 -65.608543 -28.683762 18.500986 -78.075821 -28.683762 18.500986 -78.283417 -26.337448 -3.697998 -65.425667 -26.337448 -3.697998 -79.595253 -28.396988 -12.803320 -79.772217 7.205750 11.542672 -79.772217 2.332336 6.193615 -79.772217 0.895813 1.491491 -79.772217 2.332336 -3.148722 -79.772217 7.205750 -8.430353 -63.977657 7.205750 -8.430353 -63.977657 2.332336 -3.148722 
						-63.977657 0.895813 1.491491 -63.977657 2.332336 6.193615 -63.977657 7.205750 11.542672 -63.977657 17.180649 -8.485575 -79.772217 17.394485 15.917280 -79.772217 17.180588 11.465653 -78.520645 7.633377 -19.510389 -65.229233 7.633377 -19.510389 -78.516159 54.509338 -17.172876 -65.233719 54.509338 -17.172876 -63.977657 54.509338 -8.485596 -79.772217 54.509338 15.489773 -79.772217 54.509338 11.465634 -65.000313 -53.519577 30.480436 -78.532356 -58.199661 28.785818 -65.038261 -58.199661 28.785818 -65.340576 -58.262253 30.183514 -66.070320 -58.288071 30.762432 -77.500290 -58.288071 30.762432 -78.231789 -58.261703 30.189419 -77.122520 -62.002853 -11.169588 -66.447662 -62.002853 -11.169588 -66.419006 -57.916855 -11.249319 -77.154999 -57.916855 -11.249319 -66.132446 -46.579483 -14.274622 -77.480606 -46.579483 -14.274622 -65.833855 -37.859848 -15.204744 -77.819771 -37.859848 -15.204744 -78.193832 -28.022812 -8.911112 -65.504524 -28.022812 -8.911112 -79.772217 17.180649 -8.485575 -79.772217 17.474808 17.830929 -79.772217 54.509338 17.060486 -64.971542 -1.414520 28.555462 -78.778336 -1.414520 28.555462 -65.254059 -22.969070 41.887222 -65.025795 -9.836349 36.474297 -78.715111 -9.835831 36.474621 -78.449440 -22.969070 41.887222 -65.638512 -37.981674 40.220695 -78.002434 -37.981674 40.220695 -65.877495 -46.386917 36.603687 -77.724510 -46.386917 36.603687 -66.032478 -53.456680 32.896843 -77.544258 -53.456680 32.896843 -66.070320 -58.288071 30.762432 -77.500290 -58.288071 30.762432 -64.994186 -57.143692 -14.855066 -64.729279 -47.254044 -17.561987 -63.904049 -22.971451 1.609184 -63.993626 -24.723007 10.187758 -63.977657 17.180588 11.465653 -63.977657 54.509338 11.465634 -63.977657 107.708984 10.835204 -79.719063 -24.722092 10.187758 -65.504524 -28.022812 -8.911112 -78.193832 -28.022812 -8.911112 -66.202881 107.632904 10.835204 -66.773987 145.092255 11.835233 -63.977657 107.708984 10.835204 -65.810570 145.267151 11.839015 -77.546677 7.205750 11.542672 -79.772217 7.205750 11.542672 -79.772217 17.180588 11.465653 
						-77.546677 17.180588 11.465653 -66.203209 17.180588 11.465653 -63.977657 17.180588 11.465653 -63.977657 7.205750 11.542672 -66.203209 7.205750 11.542672 -66.203209 0.895813 1.491491 -63.977657 0.895813 1.491491 -63.977657 2.332336 -3.148722 -66.203209 2.332336 -3.148722 -79.772217 107.708984 14.604929 -79.237579 142.787018 15.540316 -79.237198 142.810883 13.551059 -79.231903 143.063049 -7.384544 -79.233078 143.081146 -8.915487 -79.772217 107.708984 15.956356 -79.237816 142.770325 16.928038 -79.237686 142.779297 16.178797 -64.552895 145.449829 15.611280 -64.552757 145.440338 16.417397 -67.091362 144.937225 19.968822 -70.719070 144.279358 19.951267 -65.237106 107.708984 -15.993158 -78.512772 107.708984 -15.993158 -63.977657 107.708984 -7.854937 -66.202881 107.633820 -7.853750 -63.977657 107.708984 -7.854937 -65.510925 145.551575 -7.350494 -64.558647 145.724365 -7.349123 -77.546669 7.205719 -8.430309 -79.772217 7.205719 -8.430309 -79.772217 2.332336 -3.148722 -77.546669 2.332336 -3.148722 -79.772217 107.708984 10.835204 -66.203209 7.205750 -8.430353 -63.977657 7.205750 -8.430353 -63.977657 17.180649 -8.485575 -66.203209 17.180649 -8.485575 -77.546677 54.509338 -8.485596 -79.772217 54.509338 -8.485596 -79.772217 17.180649 -8.485575 -77.546677 17.180649 -8.485575 -66.203209 7.205719 11.542687 -63.977657 7.205719 11.542687 -63.977657 2.332336 6.193615 -66.203209 2.332336 6.193615 -66.203209 2.332336 -3.148722 -63.977657 2.332336 -3.148722 -63.977657 7.205719 -8.430309 -66.203209 7.205719 -8.430309 -77.546669 0.895813 1.491491 -79.772217 0.895813 1.491491 -79.772217 2.332336 6.193615 -77.546669 2.332336 6.193615 -77.546677 54.509338 11.465634 -79.772217 54.509338 11.465634 -79.772217 107.708984 10.835204 -77.546997 107.632904 10.835204 -64.557678 145.763550 -10.607244 -64.558952 145.743561 -8.955561 -76.727089 143.609146 -15.035864 -73.031044 144.279373 -15.017996 -79.236877 142.832245 11.771792 -78.191055 143.021973 11.777813 -66.203209 54.509338 -8.485596 
						-63.977657 54.509338 -8.485596 -64.557892 145.778137 -11.831541 -64.557777 145.769653 -11.123396 -64.553581 145.495087 11.842826 -64.553192 145.469421 13.982682 -66.203209 54.509338 11.465634 -63.977657 54.509338 11.465634 -79.772217 7.205719 11.542687 -77.546669 7.205719 11.542687 -79.772217 107.708984 -7.854937 -77.546997 107.633820 -7.853750 -78.031548 143.280670 -7.379225 -76.999199 143.467834 -7.375708 -77.546669 2.332336 -3.148722 -79.772217 2.332336 -3.148722 -79.772217 7.205750 -8.430353 -77.546677 7.205750 -8.430353 -79.404617 17.569183 20.079542 -78.517029 17.608292 21.010994 -78.513847 54.509384 20.155811 -79.403618 54.509338 19.249159 -79.404274 54.509338 -16.232134 -78.516159 54.509338 -17.172876 -78.518784 17.180634 -17.172865 -79.405045 17.180664 -16.211779 -64.345604 54.509338 -16.232134 -64.344833 17.180664 -16.211779 -65.233719 54.509338 -17.172876 -65.231094 17.180634 -17.172865 -64.346260 54.509338 19.249159 -65.236023 54.509384 20.155811 -65.232841 17.608292 21.010994 -64.345253 17.569183 20.079542 -79.405258 7.205750 21.311771 -78.519341 7.205750 22.279549 -64.344620 7.205750 21.311771 -65.230537 7.205750 22.279549 -64.344299 7.593872 -18.530142 -65.229240 7.633408 -19.510466 -79.405602 7.593872 -18.530142 -78.520638 7.633408 -19.510466 -79.663063 -1.414520 27.538170 -78.778336 -1.414520 28.555462 -64.086815 -1.414520 27.538170 -64.971542 -1.414520 28.555462 -64.086594 -1.414520 -24.523024 -64.970558 -1.414520 -25.572470 -79.663284 -1.414520 -24.523024 -78.779320 -1.414520 -25.572470 -64.105080 -12.688553 -34.399765 -64.086594 -1.414520 -24.523024 -64.105080 -12.688553 -34.399765 -79.642174 -12.688553 -34.399765 -78.766304 -12.264664 -35.172829 -79.642174 -12.688553 -34.399765 -79.663284 -1.414520 -24.523024 -78.779320 -1.414520 -25.572470 -65.025795 -9.836349 36.474297 -64.158134 -10.375107 35.869766 -79.581474 -10.375107 35.869766 -78.715111 -9.835831 36.474621 -78.766304 -12.264664 -35.172829 -78.624878 -24.144089 -38.526024 -79.472099 -24.513779 -37.635918 
						-79.281677 -23.210648 41.096775 -78.449440 -22.969070 41.887222 -64.420403 -23.210648 41.096775 -65.254059 -22.969070 41.887222 -64.253830 -24.513779 -37.635918 -64.981606 -12.264664 -35.172829 -65.103119 -24.144089 -38.526024 -78.783257 -38.001083 39.458138 -79.281677 -23.210648 41.096775 -78.783257 -38.001083 39.458138 -64.856598 -38.001083 39.458138 -64.856598 -38.001083 39.458138 -64.420403 -23.210648 41.096775 -64.594864 -37.675247 -33.747452 -64.253830 -24.513779 -37.635918 -64.594864 -37.675247 -33.747452 -79.082283 -37.675247 -33.747452 -79.082283 -37.675247 -33.747452 -79.472099 -24.513779 -37.635918 -65.129700 -46.458542 35.837284 -65.129700 -46.458542 35.837284 -64.971657 -47.762283 -26.570837 -64.971657 -47.762283 -26.570837 -78.651680 -47.762283 -26.570837 -78.651680 -47.762283 -26.570837 -78.471100 -46.458542 35.837284 -78.471100 -46.458542 35.837284 -78.275978 -53.476028 32.184929 -78.275978 -53.476028 32.184929 -65.300323 -53.476028 32.184929 -65.300323 -53.476028 32.184929 -65.224419 -55.717545 -21.559496 -65.732025 -47.714310 -27.415205 -65.952965 -55.525589 -22.470362 -78.362709 -55.717545 -21.559496 -77.636681 -55.525589 -22.470362 -77.893494 -47.714310 -27.415205 -65.340462 -62.002853 -14.393072 -65.224419 -55.717545 -21.559496 -78.230148 -62.002853 -14.393072 -78.362709 -55.717545 -21.559496 -65.340576 -58.262253 30.183514 -65.340576 -58.262253 30.183514 -78.231789 -58.261703 30.189419 -78.231789 -58.261703 30.189419 -78.509705 107.708984 18.976063 -79.402428 107.708984 18.091650 -64.346581 107.708984 -15.066561 -65.237106 107.708984 -15.993158 -66.727211 145.417633 -14.586435 -67.109543 145.353180 -14.989336 -66.316292 145.474335 -13.097651 -66.474747 145.457153 -14.064993 -77.166527 143.114990 19.506683 -76.745567 143.186432 19.922108 -77.582443 143.057129 18.044928 -77.408134 143.076782 19.045588 -65.240173 107.708984 18.976063 -64.347458 107.708984 18.091650 -66.841721 144.988281 19.485680 -66.453758 145.063354 19.099184 -64.712280 145.393311 17.925978 -64.552650 145.433258 17.001827 -79.403297 107.708984 -15.066561 
						-78.512772 107.708984 -15.993158 -77.386688 143.478439 -14.117498 -76.971649 143.558746 -14.542475 -79.059624 143.160919 -12.944681 -79.232529 143.117035 -11.901289 -79.288239 -25.970596 -3.757935 -79.389847 -24.101852 1.619358 -79.288239 -25.970596 -3.757935 -79.389847 -24.101852 1.619358 -79.280251 -25.968094 10.225165 -79.079765 -28.360275 19.258410 -79.280251 -25.968094 10.225165 -79.079765 -28.360275 19.258410 -64.429268 -25.968338 10.225165 -64.332794 -24.102280 1.619358 -64.429268 -25.968338 10.225165 -64.332794 -24.102280 1.619358 -64.422157 -25.971054 -3.757935 -64.510201 -28.132401 -10.050798 -64.422157 -25.971054 -3.757935 -64.510201 -28.132401 -10.050798 -78.162773 -53.621170 26.065248 -78.119354 -58.137131 27.388014 -78.162773 -53.621170 26.065248 -78.119354 -58.137131 27.388014 -78.157089 -57.690323 -12.305441 -78.119354 -62.002853 -11.722692 -78.157089 -57.690323 -12.305441 -78.119354 -62.002853 -11.722692 -65.417900 -57.690323 -12.305441 -65.451042 -62.002853 -11.722692 -65.417900 -57.690323 -12.305441 -65.451042 -62.002853 -11.722692 -65.412872 -53.621170 26.065248 -65.451149 -58.137131 27.388014 -65.412872 -53.621170 26.065248 -65.451149 -58.137131 27.388014 -78.329239 -47.329605 24.666220 -78.329239 -47.329605 24.666220 -78.475471 -46.777176 -15.237555 -77.480606 -46.579483 -14.274622 -77.154999 -57.916855 -11.249319 -65.137688 -46.777176 -15.237444 -66.132446 -46.579483 -14.274622 -66.419006 -57.916855 -11.249319 -65.266418 -47.329605 24.666220 -65.266418 -47.329605 24.666220 -78.679565 -37.878342 23.602551 -78.679565 -37.878342 23.602551 -78.823395 -37.844223 -16.218431 -78.823395 -37.844223 -16.218431 -78.475471 -46.777176 -15.237555 -79.079765 -28.360275 19.258410 -79.188271 -28.132401 -10.051126 -79.188271 -28.132401 -10.051126 -64.510201 -28.132401 -10.050798 -64.831436 -37.844223 -16.218317 -64.831436 -37.844223 -16.218317 -64.605690 -28.360123 19.258410 -64.957985 -37.878342 23.602551 -64.605690 -28.360123 19.258410 -64.957985 -37.878342 23.602551 -65.833855 -37.859848 -15.204744 -79.188271 -28.132401 -10.051126 
						-64.605690 -28.360123 19.258410 -64.553581 145.495087 11.842826 -79.236877 142.832245 11.771792 -76.745575 143.186432 19.922108 -66.779022 145.321472 -7.350954 -64.558647 145.724365 -7.349123 -67.109543 145.353180 -14.989336 -77.004173 143.237106 11.785691 -79.231903 143.063049 -7.384544 -67.091362 144.937195 19.968822 -76.727089 143.609146 -15.035864 -60.434036 127.857773 -4.123510 -62.182674 127.857773 -10.058811 -62.182674 141.017273 -10.058811 -60.434036 141.017273 -4.123510 -64.906250 127.857773 -14.769087 -64.906250 141.017273 -14.769087 -68.338158 127.857773 -17.793272 -68.338158 141.017273 -17.793272 -68.338158 127.857773 -17.793272 -72.142448 127.857773 -18.835333 -72.142448 141.017273 -18.835333 -68.338158 141.017273 -17.793272 -75.946739 127.857773 -17.793272 -75.946739 141.017273 -17.793272 -75.946739 127.857773 -17.793272 -79.378639 127.857773 -14.769087 -79.378639 141.017273 -14.769087 -75.946739 141.017273 -17.793272 -82.102219 127.857773 -10.058804 -82.102219 141.017273 -10.058804 -83.850853 127.857773 -4.123508 -83.850853 141.017273 -4.123508 -84.453407 127.857773 2.455820 -84.453407 141.017273 2.455820 -83.850853 127.857773 9.035146 -83.850853 141.017273 9.035146 -82.102219 127.857773 14.970441 -82.102219 141.017273 14.970441 -79.378639 127.857773 19.680719 -79.378639 141.017273 19.680719 -75.946739 127.857773 22.704905 -75.946739 141.017273 22.704905 -75.946739 127.857773 22.704905 -72.142448 127.857773 23.746967 -72.142448 141.017273 23.746967 -75.946739 141.017273 22.704905 -68.338158 127.857773 22.704905 -68.338158 141.017273 22.704905 -68.338158 127.857773 22.704905 -64.906258 127.857773 19.680719 -64.906258 141.017273 19.680719 -68.338158 141.017273 22.704905 -62.182686 127.857773 14.970441 -62.182686 141.017273 14.970441 -60.434044 127.857773 9.035144 -60.434044 141.017273 9.035144 -59.831497 127.857773 2.455820 -59.831497 141.017273 2.455820 -62.182674 127.857773 -10.058811 -60.434036 127.857773 -4.123510 -72.142448 127.857773 2.455820 -64.906250 127.857773 -14.769087 -68.338158 127.857773 -17.793272 
						-72.142448 127.857773 -18.835333 -75.946739 127.857773 -17.793272 -79.378639 127.857773 -14.769087 -82.102219 127.857773 -10.058804 -83.850853 127.857773 -4.123508 -84.453407 127.857773 2.455820 -83.850853 127.857773 9.035146 -82.102219 127.857773 14.970441 -79.378639 127.857773 19.680719 -75.946739 127.857773 22.704905 -72.142448 127.857773 23.746967 -68.338158 127.857773 22.704905 -64.906258 127.857773 19.680719 -62.182686 127.857773 14.970441 -60.434044 127.857773 9.035144 -59.831497 127.857773 2.455820 -60.434036 141.017273 -4.123510 -62.182674 141.017273 -10.058811 -72.142448 141.017273 2.455820 -64.906250 141.017273 -14.769087 -68.338158 141.017273 -17.793272 -72.142448 141.017273 -18.835333 -75.946739 141.017273 -17.793272 -79.378639 141.017273 -14.769087 -82.102219 141.017273 -10.058804 -83.850853 141.017273 -4.123508 -84.453407 141.017273 2.455820 -83.850853 141.017273 9.035146 -82.102219 141.017273 14.970441 -79.378639 141.017273 19.680719 -75.946739 141.017273 22.704905 -72.142448 141.017273 23.746967 -68.338158 141.017273 22.704905 -64.906258 141.017273 19.680719 -62.182686 141.017273 14.970441 -60.434044 141.017273 9.035144 -59.831497 141.017273 2.455820 -59.659779 140.702332 -4.558590 -61.524052 140.702332 -10.886381 -61.524052 147.271484 -10.886381 -59.659779 147.271484 -4.558590 -64.427734 140.702332 -15.908144 -64.427734 147.271484 -15.908144 -68.086586 140.702332 -19.132307 -68.086586 147.271484 -19.132307 -68.086586 140.702332 -19.132307 -72.142448 140.702332 -20.243277 -72.142448 147.271484 -20.243277 -68.086586 147.271484 -19.132307 -76.198311 140.702332 -19.132307 -76.198311 147.271484 -19.132307 -76.198311 140.702332 -19.132307 -79.857155 140.702332 -15.908136 -79.857155 147.271484 -15.908136 -76.198311 147.271484 -19.132307 -82.760841 140.702332 -10.886377 -82.760841 147.271484 -10.886377 -84.625114 140.702332 -4.558588 -84.625114 147.271484 -4.558588 -85.267502 140.702332 2.455820 -85.267502 147.271484 2.455820 -84.625114 140.702332 9.470224 -84.625114 147.271484 9.470224 -82.760834 140.702332 15.798010 
						-82.760834 147.271484 15.798010 -79.857155 140.702332 20.819771 -79.857155 147.271484 20.819771 -76.198311 140.702332 24.043938 -76.198311 147.271484 24.043938 -76.198311 140.702332 24.043938 -72.142448 140.702332 25.154911 -72.142448 147.271484 25.154911 -76.198311 147.271484 24.043938 -68.086586 140.702332 24.043938 -68.086586 147.271484 24.043938 -68.086586 140.702332 24.043938 -64.427742 140.702332 20.819769 -64.427742 147.271484 20.819769 -68.086586 147.271484 24.043938 -61.524063 140.702332 15.798010 -61.524063 147.271484 15.798010 -59.659786 140.702332 9.470222 -59.659786 147.271484 9.470222 -59.017395 140.702332 2.455820 -59.017395 147.271484 2.455820 -61.524052 140.702332 -10.886381 -59.659779 140.702332 -4.558590 -72.142448 140.702332 2.455820 -64.427734 140.702332 -15.908144 -68.086586 140.702332 -19.132307 -72.142448 140.702332 -20.243277 -76.198311 140.702332 -19.132307 -79.857155 140.702332 -15.908136 -82.760841 140.702332 -10.886377 -84.625114 140.702332 -4.558588 -85.267502 140.702332 2.455820 -84.625114 140.702332 9.470224 -82.760834 140.702332 15.798010 -79.857155 140.702332 20.819771 -76.198311 140.702332 24.043938 -72.142448 140.702332 25.154911 -68.086586 140.702332 24.043938 -64.427742 140.702332 20.819769 -61.524063 140.702332 15.798010 -59.659786 140.702332 9.470222 -59.017395 140.702332 2.455820 -59.659779 147.271484 -4.558590 -61.524052 147.271484 -10.886381 -72.142448 147.271484 2.455820 -64.427734 147.271484 -15.908144 -68.086586 147.271484 -19.132307 -72.142448 147.271484 -20.243277 -76.198311 147.271484 -19.132307 -79.857155 147.271484 -15.908136 -82.760841 147.271484 -10.886377 -84.625114 147.271484 -4.558588 -85.267502 147.271484 2.455820 -84.625114 147.271484 9.470224 -82.760834 147.271484 15.798010 -79.857155 147.271484 20.819771 -76.198311 147.271484 24.043938 -72.142448 147.271484 25.154911 -68.086586 147.271484 24.043938 -64.427742 147.271484 20.819769 -61.524063 147.271484 15.798010 -59.659786 147.271484 9.470222 -59.017395 147.271484 2.455820 -76.797470 14.917801 23.899044 
						-76.924034 33.775345 23.435896 -81.671837 14.917801 18.945557 -76.956207 33.789795 23.404358 -81.891365 33.853897 18.583628 -67.046776 14.917801 23.899044 -62.172390 14.917801 18.945557 -66.989220 33.775345 23.435888 -62.022179 33.853897 18.583628 -66.957100 33.789795 23.404358 -82.815300 113.553055 -13.929396 -77.459511 113.553055 -18.345598 -82.620941 96.787140 -14.249849 -77.346611 96.732635 -18.758696 -61.389954 113.553055 -13.929396 -61.522945 96.787140 -14.249849 -66.745750 113.553055 -18.345598 -66.797089 96.732635 -18.758696 -67.046776 14.917801 23.899044 -66.989220 33.775345 23.435888 -76.797470 14.917801 23.899044 -76.924034 33.775345 23.435896 -77.459511 113.553055 -18.345598 -66.745750 113.553055 -18.345598 -77.346611 96.732635 -18.758696 -66.797089 96.732635 -18.758696 -62.172390 14.917801 -15.814634 -62.018566 34.306396 -15.444059 -81.671837 14.917801 -15.814634 -81.896591 34.306396 -15.444059 -79.918770 33.879364 16.669432 -75.944397 33.822067 20.975714 -79.871246 14.917801 17.058714 -75.904907 14.917801 21.474430 -67.970673 14.917801 21.474430 -67.994370 33.822067 20.975712 -64.004341 14.917801 17.058714 -64.020187 33.879364 16.669432 -80.118462 113.553055 -11.902811 -80.076500 96.811356 -12.246515 -76.110947 113.553055 -15.741388 -76.075874 96.763748 -16.184324 -68.073273 96.763748 -16.184324 -64.072807 96.811356 -12.246515 -68.094315 113.553055 -15.741388 -64.086800 113.553055 -11.902811 -75.944397 33.822067 20.975714 -67.994370 33.822067 20.975712 -75.904907 14.917801 21.474430 -67.970673 14.917801 21.474430 -76.110947 113.553055 -15.741388 -76.075874 96.763748 -16.184324 -68.094315 113.553055 -15.741388 -68.073273 96.763748 -16.184324 -64.004341 14.917801 -13.927794 -64.020523 34.280930 -13.530264 -79.919777 34.280930 -13.530264 -79.871246 14.917801 -13.927794 -79.871246 14.917801 17.058714 -75.904907 14.917801 21.474430 -81.671837 14.917801 18.945557 -76.797470 14.917801 23.899044 -80.118462 113.553055 15.033735 -82.815300 113.553055 17.060320 -76.110947 113.553055 18.872313 
						-77.459511 113.553055 21.476498 -64.004341 14.917801 17.058714 -62.172390 14.917801 18.945557 -67.970673 14.917801 21.474430 -67.046776 14.917801 23.899044 -64.086800 113.553055 15.033735 -68.094315 113.553055 18.872313 -61.389954 113.553055 17.060320 -66.745750 113.553055 21.476498 -80.118462 113.553055 -11.902811 -76.110947 113.553055 -15.741388 -82.815300 113.553055 -13.929396 -77.459511 113.553055 -18.345598 -79.871246 14.917801 -13.927794 -81.671837 14.917801 -15.814634 -75.904907 14.917801 -18.343512 -76.797470 14.917801 -20.768118 -64.086800 113.553055 -11.902811 -61.389954 113.553055 -13.929396 -68.094315 113.553055 -15.741388 -66.745750 113.553055 -18.345598 -64.004341 14.917801 -13.927794 -67.970673 14.917801 -18.343512 -62.172390 14.917801 -15.814634 -67.046776 14.917801 -20.768118 -82.625374 97.169296 17.373466 -77.349899 97.223724 21.877558 -82.689087 102.665207 17.268423 -77.401939 104.977173 21.687128 -61.519924 97.169296 17.373466 -61.476307 102.665207 17.268423 -66.795586 97.223724 21.877558 -66.771919 104.977173 21.687128 -66.795586 97.223724 21.877558 -66.771919 104.977173 21.687128 -77.349899 97.223724 21.877558 -77.401939 104.977173 21.687128 -61.520962 97.038055 6.513552 -82.623848 97.038055 6.513563 -82.815300 113.553055 17.060320 -80.077339 97.145096 15.370588 -80.088554 101.624130 15.278636 -76.076767 97.192596 19.303921 -76.090240 103.641220 19.133799 -64.073082 97.145096 15.370588 -68.073799 97.192627 19.303921 -64.076820 101.624130 15.278636 -68.081886 103.641220 19.133799 -68.073799 97.192627 19.303921 -76.076767 97.192596 19.303921 -68.081886 103.641220 19.133799 -76.090240 103.641220 19.133799 -64.072983 97.038055 6.513563 -64.086800 113.553055 15.033735 -80.077072 97.038055 6.513570 -77.459511 113.553055 21.476498 -61.389954 113.553055 17.060320 -66.745750 113.553055 21.476498 -82.496651 86.067001 -14.454744 -77.258781 83.646927 -19.080091 -82.349976 73.414673 -14.696569 -77.201241 75.074203 -19.290651 -61.607986 86.067017 -14.454744 -61.708347 73.414658 -14.696569 
						-66.837021 83.646973 -19.080091 -66.863182 75.074203 -19.290651 -66.745750 113.553055 21.476498 -77.459511 113.553055 21.476498 -77.258781 83.646927 -19.080091 -66.837021 83.646973 -19.080091 -77.201241 75.074203 -19.290651 -66.863182 75.074203 -19.290651 -80.118462 113.553055 15.033735 -76.110947 113.553055 18.872313 -68.094315 113.553055 18.872313 -80.052208 87.118271 -12.445517 -80.016090 72.708389 -12.741354 -76.051308 84.999695 -16.494665 -76.028679 74.167435 -16.780432 -64.064705 87.118271 -12.445517 -68.058517 84.999695 -16.494665 -64.052643 72.708389 -12.741354 -68.044930 74.167435 -16.780432 -68.094315 113.553055 18.872313 -76.110947 113.553055 18.872313 -76.051308 84.999695 -16.494665 -76.028679 74.167435 -16.780432 -68.058517 84.999695 -16.494665 -68.044930 74.167435 -16.780432 -82.431396 80.436356 17.693287 -77.249985 82.338196 22.243156 -61.652657 80.436356 17.693285 -66.841011 82.338150 22.243155 -66.841011 82.338150 22.243155 -77.249985 82.338196 22.243156 -61.732311 70.393555 -6.333220 -82.273819 66.845261 -14.822134 -82.314957 70.393555 -6.333227 -80.033394 79.615936 15.730463 -76.043541 81.285034 19.723581 -64.058418 79.615936 15.730463 -68.053864 81.285034 19.723583 -68.053864 81.285034 19.723583 -76.043541 81.285034 19.723581 -64.048439 67.671783 -12.844755 -64.050713 70.393555 -6.333220 -80.010292 70.393555 -6.333227 -77.132774 64.872757 -19.541197 -82.095245 51.441360 -15.116552 -77.057076 53.595810 -19.818171 -61.760468 66.845261 -14.822134 -61.882618 51.441360 -15.116552 -66.894310 64.872757 -19.541201 -66.928719 53.595810 -19.818171 -77.132774 64.872757 -19.541197 -66.894310 64.872757 -19.541201 -77.057076 53.595810 -19.818171 -66.928719 53.595810 -19.818171 -80.003464 67.671814 -12.844755 -79.960579 50.561340 -13.196032 -76.011482 65.935959 -16.997587 -75.983345 52.466156 -17.352945 -68.034615 65.935959 -16.997587 -64.034142 50.561340 -13.196032 -68.017731 52.466156 -17.352945 -76.011482 65.935959 -16.997587 -75.983345 52.466156 -17.352945 -68.034615 65.935959 -16.997587 
						-68.017731 52.466156 -17.352945 -82.212845 61.584213 18.053612 -81.916451 36.017761 18.542269 -77.099190 59.871490 22.794956 -76.924126 33.789383 23.435553 -66.989182 33.789368 23.435543 -76.924126 33.789383 23.435553 -66.989182 33.789368 23.435543 -62.005009 36.017761 18.542269 -61.802197 61.584213 18.053610 -75.946686 34.915894 20.946857 -79.926353 36.904419 16.607328 -76.000725 60.785614 20.264381 -79.989983 62.294952 16.086061 -67.995743 34.915894 20.946856 -68.028168 60.785614 20.264383 -64.022713 36.904419 16.607328 -64.043930 62.294952 16.086061 -67.995743 34.915894 20.946856 -75.946686 34.915894 20.946857 -68.028168 60.785614 20.264383 -76.000725 60.785614 20.264381 -66.909576 59.871460 22.794950 -66.909576 59.871460 22.794950 -77.099190 59.871490 22.794956 -76.928032 34.370850 -20.290342 -76.797470 14.917801 -20.768118 -66.987396 34.370834 -20.290342 -67.046776 14.917801 -20.768118 -76.928032 34.370850 -20.290342 -66.987396 34.370834 -20.290342 -76.797470 14.917801 -20.768118 -67.046776 14.917801 -20.768118 -75.945473 34.338135 -17.831182 -75.904907 14.917801 -18.343512 -67.995010 34.338135 -17.831182 -67.970673 14.917801 -18.343512 -75.945473 34.338135 -17.831182 -75.904907 14.917801 -18.343512 -67.995010 34.338135 -17.831182 -67.970673 14.917801 -18.343512 -61.522945 96.787140 -14.249849 -61.520962 97.038055 6.513552 -64.072807 96.811356 -12.246515 -64.072983 97.038055 6.513563 -61.607986 86.067017 -14.454744 -64.064705 87.118271 -12.445517 -61.520962 97.038055 6.513552 -64.072983 97.038055 6.513563 -82.496651 86.067001 -14.454744 -82.623848 97.038055 6.513563 -80.052208 87.118271 -12.445517 -80.077072 97.038055 6.513570 -80.077072 97.038055 6.513570 -82.623848 97.038055 6.513563 -80.076500 96.811356 -12.246515 -82.620941 96.787140 -14.249849 -77.346611 96.732635 -18.758696 -76.075874 96.763748 -16.184324 -66.797089 96.732635 -18.758696 -68.073273 96.763748 -16.184324 -66.837021 83.646973 -19.080091 -68.058517 84.999695 -16.494665 -77.258781 83.646927 -19.080091 
						-76.051308 84.999695 -16.494665 -66.987396 34.370834 -20.290342 -67.995010 34.338135 -17.831182 -62.018566 34.306396 -15.444059 -64.020523 34.280930 -13.530264 -76.928032 34.370850 -20.290342 -75.945473 34.338135 -17.831182 -81.896591 34.306396 -15.444059 -79.919777 34.280930 -13.530264 -81.891365 33.853897 18.583628 -79.918770 33.879364 16.669432 -62.022179 33.853897 18.583628 -64.020187 33.879364 16.669432 -77.057076 53.595810 -19.818171 -75.983345 52.466156 -17.352945 -82.095245 51.441360 -15.116552 -79.960579 50.561340 -13.196032 -66.928719 53.595810 -19.818171 -68.017731 52.466156 -17.352945 -61.882618 51.441360 -15.116552 -64.034142 50.561340 -13.196032 -81.916451 36.017761 18.542269 -79.926353 36.904419 16.607328 -62.005009 36.017761 18.542269 -64.022713 36.904419 16.607328 -76.956207 33.789795 23.404358 -75.944397 33.822067 20.975714 -75.946686 34.915894 20.946857 -76.956207 33.789795 23.404358 -66.957100 33.789795 23.404358 -67.995743 34.915894 20.946856 -66.957100 33.789795 23.404358 -67.994370 33.822067 20.975712 -75.944397 33.822067 20.975714 -76.956207 33.789795 23.404358 -75.946686 34.915894 20.946857 -67.994370 33.822067 20.975712 -67.995743 34.915894 20.946856 -66.957100 33.789795 23.404358 -82.212845 61.584213 18.053612 -79.989983 62.294952 16.086061 -82.314957 70.393555 -6.333227 -80.010292 70.393555 -6.333227 -61.802197 61.584213 18.053610 -61.732311 70.393555 -6.333220 -64.043930 62.294952 16.086061 -64.050713 70.393555 -6.333220 -82.431396 80.436356 17.693287 -82.314957 70.393555 -6.333227 -80.033394 79.615936 15.730463 -80.010292 70.393555 -6.333227 -64.050713 70.393555 -6.333220 -61.732311 70.393555 -6.333220 -64.058418 79.615936 15.730463 -61.652657 80.436356 17.693285 -66.841011 82.338150 22.243155 -68.053864 81.285034 19.723583 -77.249985 82.338196 22.243156 -76.043541 81.285034 19.723581 -77.099190 59.871490 22.794956 -76.000725 60.785614 20.264381 -66.909576 59.871460 22.794950 -68.028168 60.785614 20.264383 
					</float_array>
					<technique_common>
						<accessor count="1663" offset="0" source="#meshId0-positions-array" stride="3">
							<param name="X" type="float" />
							<param name="Y" type="float" />
							<param name="Z" type="float" />
						</accessor>
					</technique_common>
				</source>
				<source id="meshId0-normals" name="meshId0-normals">
					<float_array id="meshId0-normals-array" count="4989"> 
						0.428406 -0.899995 -0.080486 0.370737 -0.915586 -0.155747 0.370737 0.915586 -0.155747 0.428406 0.899995 -0.080486 0.275369 -0.936026 -0.219153 0.275369 0.936026 -0.219153 0.147488 -0.953603 -0.262467 0.147488 0.953603 -0.262467 0.147488 -0.953603 -0.262467 0.000000 -0.960583 -0.277994 0.000000 0.960583 -0.277994 0.147488 0.953603 -0.262467 -0.147489 -0.953603 -0.262467 -0.147489 0.953603 -0.262467 -0.147489 -0.953603 -0.262467 -0.275369 -0.936026 -0.219153 -0.275369 0.936026 -0.219153 -0.147489 0.953603 -0.262467 -0.370737 -0.915586 -0.155747 -0.370737 0.915586 -0.155747 -0.428406 -0.899995 -0.080487 -0.428406 0.899995 -0.080487 -0.447575 -0.894246 0.000000 -0.447575 0.894246 0.000000 -0.428406 -0.899995 0.080487 -0.428406 0.899995 0.080487 -0.370737 -0.915586 0.155747 -0.370737 0.915586 0.155747 -0.275369 -0.936026 0.219153 -0.275369 0.936026 0.219153 -0.147489 -0.953603 0.262467 -0.147489 0.953603 0.262467 -0.147489 -0.953603 0.262467 0.000000 -0.960583 0.277994 0.000000 0.960583 0.277994 -0.147489 0.953603 0.262467 0.147489 -0.953603 0.262467 0.147489 0.953603 0.262467 0.147489 -0.953603 0.262467 0.275369 -0.936026 0.219153 0.275369 0.936026 0.219153 0.147489 0.953603 0.262467 0.370737 -0.915586 0.155747 0.370737 0.915586 0.155747 0.428406 -0.899995 0.080487 0.428406 0.899995 0.080487 0.447575 -0.894246 0.000000 0.447575 0.894246 0.000000 0.370737 -0.915586 -0.155747 0.428406 -0.899995 -0.080486 0.000000 -1.000000 0.000000 0.275369 -0.936026 -0.219153 0.147488 -0.953603 -0.262467 0.000000 -0.960583 -0.277994 -0.147489 -0.953603 -0.262467 -0.275369 -0.936026 -0.219153 -0.370737 -0.915586 -0.155747 -0.428406 -0.899995 -0.080487 -0.447575 -0.894246 0.000000 -0.428406 -0.899995 0.080487 -0.370737 -0.915586 0.155747 -0.275369 -0.936026 0.219153 -0.147489 -0.953603 0.262467 0.000000 -0.960583 0.277994 
						0.147489 -0.953603 0.262467 0.275369 -0.936026 0.219153 0.370737 -0.915586 0.155747 0.428406 -0.899995 0.080487 0.447575 -0.894246 0.000000 0.428406 0.899995 -0.080486 0.370737 0.915586 -0.155747 0.000000 1.000000 0.000000 0.275369 0.936026 -0.219153 0.147488 0.953603 -0.262467 0.000000 0.960583 -0.277994 -0.147489 0.953603 -0.262467 -0.275369 0.936026 -0.219153 -0.370737 0.915586 -0.155747 -0.428406 0.899995 -0.080487 -0.447575 0.894246 0.000000 -0.428406 0.899995 0.080487 -0.370737 0.915586 0.155747 -0.275369 0.936026 0.219153 -0.147489 0.953603 0.262467 0.000000 0.960583 0.277994 0.147489 0.953603 0.262467 0.275369 0.936026 0.219153 0.370737 0.915586 0.155747 0.428406 0.899995 0.080487 0.447575 0.894246 0.000000 -0.051491 -0.997417 0.050077 -0.748358 -0.614014 0.250891 -0.991318 -0.043523 0.124075 -0.385818 -0.922089 -0.029951 0.011742 -0.998594 0.051696 0.034571 -0.994817 0.095629 0.025661 -0.998166 0.054836 0.811801 -0.545350 0.208740 0.989338 -0.145633 0.001495 0.994732 0.030490 0.097874 -0.996921 -0.012608 0.077393 -0.960091 0.051575 0.274891 -0.864871 -0.054409 0.499037 -0.973976 -0.021453 0.225634 -0.973976 -0.021453 0.225634 -0.864871 -0.054409 0.499037 -0.535201 -0.069732 0.841842 -0.613060 -0.182900 0.768573 -0.973976 -0.021453 0.225634 0.827847 -0.055414 0.558210 0.636619 0.005298 0.771160 0.760840 -0.067089 0.645462 0.905404 0.011479 0.424396 0.905404 0.011479 0.424396 -0.234036 -0.208156 0.949683 -0.251177 -0.008143 0.967907 0.091689 -0.003415 0.995782 0.113179 -0.199637 0.973312 0.405853 0.001421 0.913937 0.400420 -0.187228 0.897000 -0.846839 -0.127176 0.516420 0.149060 -0.151804 0.977106 0.990255 -0.015942 0.138351 0.034571 -0.994817 0.095629 0.811801 -0.545350 0.208740 -0.835364 -0.265941 0.481085 -0.748358 -0.614014 0.250891 0.149060 -0.151804 0.977106 
						-0.846839 -0.127176 0.516420 -0.980128 -0.074059 0.184022 0.159961 -0.482320 0.861267 0.126186 -0.597980 0.791515 -0.226392 -0.586767 0.777465 -0.145687 -0.477926 0.866235 0.413966 -0.452736 0.789723 0.413365 -0.537256 0.735177 0.993845 -0.104374 0.037130 0.993333 -0.044294 0.106429 -0.659676 -0.484925 0.574174 -0.503001 -0.373762 0.779289 0.905404 0.011479 0.424396 0.760840 -0.067089 0.645462 0.986045 0.025563 0.164502 0.995056 0.023387 -0.096518 -0.040349 -0.868278 0.494434 -0.226392 -0.586767 0.777465 0.126186 -0.597980 0.791515 0.127691 -0.868503 0.478954 0.413365 -0.537256 0.735177 0.378365 -0.812960 0.442647 -0.385818 -0.922089 -0.029951 -0.990111 -0.007693 0.140075 -0.040349 -0.868278 0.494434 -0.051491 -0.997417 0.050077 0.127691 -0.868503 0.478954 0.011742 -0.998594 0.051696 0.378365 -0.812960 0.442647 0.025661 -0.998166 0.054836 0.987688 -0.156191 0.008815 0.989338 -0.145633 0.001495 -0.234036 -0.208156 0.949683 -0.145687 -0.477926 0.866235 -0.503001 -0.373762 0.779289 -0.613060 -0.182900 0.768573 0.113179 -0.199637 0.973312 0.159961 -0.482320 0.861267 0.400420 -0.187228 0.897000 0.413966 -0.452736 0.789723 0.827847 -0.055414 0.558210 0.993845 -0.104374 0.037130 0.378365 -0.812960 0.442647 0.413365 -0.537256 0.735177 0.993333 -0.044294 0.106429 0.987688 -0.156191 0.008815 -0.990111 -0.007693 0.140075 -0.659676 -0.484925 0.574174 -0.226392 -0.586767 0.777465 -0.040349 -0.868278 0.494434 0.149231 -0.107312 0.982962 -0.922316 -0.038440 0.384520 -0.972928 -0.020841 0.230165 0.149231 -0.107312 0.982962 0.747805 -0.085742 0.658359 0.981779 -0.019772 0.188995 -0.138229 0.287432 -0.947774 -0.117583 0.239053 -0.963861 0.162449 0.239422 -0.957229 0.139665 0.291667 -0.946269 -0.658041 0.188369 -0.729040 -0.631851 0.188119 -0.751915 -0.373525 0.221536 -0.900778 -0.389885 0.263265 -0.882429 
						0.771015 0.157927 -0.616924 0.728402 0.216771 -0.649955 -0.932330 0.018996 -0.361108 -0.925725 -0.008475 -0.378103 -0.999709 -0.013695 -0.019842 -0.999787 0.000410 -0.020643 -0.959513 0.050442 -0.277111 -0.944951 0.065804 -0.320526 -0.999336 0.032726 -0.015989 -0.998517 0.035666 -0.041135 -0.843143 -0.040418 -0.536168 -0.803756 -0.012477 -0.594828 -0.959375 -0.003167 -0.282115 -0.968907 -0.001384 -0.247421 -0.999028 0.003670 -0.043916 -0.998378 0.005537 -0.056664 -0.765766 0.057475 -0.640546 -0.935492 0.042937 -0.350728 -0.999934 -0.011250 -0.002108 -0.896798 0.108049 -0.429043 -0.999970 -0.007172 -0.002876 -0.999970 -0.007172 -0.002876 -0.944154 0.111897 -0.309924 -0.922361 0.019349 -0.385845 -0.999873 -0.013094 0.009059 0.925042 -0.017578 0.379459 0.147147 0.063829 0.987053 -0.973971 -0.000390 0.226673 -0.931104 -0.007192 -0.364682 -0.968907 -0.001384 -0.247421 -0.998378 0.005537 -0.056664 -0.997191 0.031044 -0.068167 0.626773 0.267068 -0.732005 0.728402 0.216771 -0.649955 0.945103 0.137464 -0.296452 0.988121 0.055526 -0.143294 -0.765766 0.057475 -0.640546 -0.696045 0.096972 -0.711420 -0.944951 0.065804 -0.320526 -0.959513 0.050442 -0.277111 0.137685 0.288247 0.947606 0.961423 0.017643 0.274509 0.988574 0.075404 0.130520 -0.178354 0.335447 -0.925022 -0.138229 0.287432 -0.947774 0.139665 0.291667 -0.946269 0.095386 0.340480 -0.935401 -0.705344 0.245166 -0.665119 -0.658041 0.188369 -0.729040 -0.389885 0.263265 -0.882429 -0.421501 0.308176 -0.852857 0.728402 0.216771 -0.649955 0.626773 0.267068 -0.732005 -0.421501 0.308176 -0.852857 -0.424032 0.048608 -0.904342 -0.789116 0.031890 -0.613416 -0.705344 0.245166 -0.665119 0.626773 0.267068 -0.732005 0.727882 0.041211 -0.684463 0.100291 0.059629 -0.993170 0.095386 0.340480 -0.935401 -0.178354 0.335447 -0.925022 -0.177928 0.055941 -0.982452 -0.985786 0.021962 -0.166562 
						-0.843143 -0.040418 -0.536168 -0.968907 -0.001384 -0.247421 -0.931104 -0.007192 -0.364682 -0.863441 0.014235 0.504249 0.147147 0.063829 0.987053 0.983262 0.019666 0.181134 -0.985786 0.021962 -0.166562 -0.931104 -0.007192 -0.364682 -0.069884 0.927215 -0.367953 -0.920199 -0.006823 -0.391391 -0.749698 -0.040447 -0.660543 -0.986390 -0.002260 -0.164405 -0.995475 -0.004912 -0.094899 -0.789116 0.031890 -0.613416 -0.581771 -0.006642 -0.813326 -0.999873 -0.013094 0.009059 -0.922361 0.019349 -0.385845 0.993687 0.007318 0.111949 0.994732 0.030490 0.097874 0.985685 0.013884 0.168026 0.999838 -0.003125 0.017730 0.995124 -0.015866 0.097351 0.995056 0.023387 -0.096518 0.986045 0.025563 0.164502 0.997570 0.066592 0.020485 0.999698 0.022503 -0.009836 0.998527 0.054247 -0.000737 0.999612 0.022552 -0.016323 0.998452 0.051855 -0.020090 0.999628 0.018246 -0.020258 0.998452 0.051855 -0.020091 0.998452 0.051856 -0.020091 0.999672 0.015654 -0.020270 0.942956 0.020075 -0.332313 0.997265 0.017244 -0.071867 0.999721 0.012330 0.020154 0.998452 0.051856 -0.020090 0.998452 0.051856 -0.020091 0.964700 0.052587 -0.258047 0.811801 -0.545350 0.208740 -0.835364 -0.265941 0.481085 0.905404 0.011479 0.424396 0.905404 0.011479 0.424396 0.995056 0.023387 -0.096518 0.905404 0.011479 0.424396 0.998428 0.018568 0.052879 0.998290 0.011543 0.057296 0.998988 -0.000068 0.044966 0.994711 0.010142 0.102209 0.994195 0.015786 0.106431 0.747805 -0.085742 0.658359 0.551738 -0.056917 0.832073 0.991903 -0.009905 0.126612 0.981779 -0.019772 0.188995 0.997877 0.010659 0.064252 0.998953 0.016792 0.042558 0.999693 0.014228 -0.020276 0.992918 0.033866 -0.113871 0.989326 0.040452 -0.139989 0.656754 -0.048867 0.752520 -0.106126 -0.069321 0.991933 0.996024 0.014677 0.087863 0.997670 0.016280 0.066253 0.998357 0.031749 0.047698 
						0.997353 0.017536 0.070567 0.997999 0.056175 -0.029008 0.997669 0.065906 -0.017673 0.952059 0.087189 -0.293225 0.963055 0.082526 -0.256346 0.997872 0.015396 0.063357 0.997660 0.003896 0.068255 0.998301 -0.000264 0.058269 0.998437 0.022380 0.051219 0.337023 0.226170 0.913927 -0.863441 0.014235 0.504249 0.983262 0.019666 0.181134 0.996733 0.044051 0.067699 0.997734 0.051766 0.042971 0.998684 0.033555 0.038797 0.998916 0.037669 0.027348 0.998357 0.054674 0.017155 0.995713 0.066344 0.064450 0.998445 0.034385 0.043878 0.997246 0.046705 0.057611 0.997287 0.044224 0.058852 0.998018 0.041915 0.046943 -0.224087 0.225927 0.948020 0.996505 0.015662 0.082052 0.996819 0.018992 0.077399 0.961423 0.017643 0.274509 0.988574 0.075404 0.130520 0.988677 0.030700 -0.146885 0.997592 0.058983 -0.036484 0.998378 0.050082 -0.027082 0.962724 0.025096 -0.269320 0.996712 0.062680 0.051347 0.998102 0.053931 0.029728 0.998699 0.050976 -0.001331 -0.069884 0.927215 -0.367953 0.920871 0.225190 0.318254 0.524840 0.443872 0.726306 0.997714 0.052456 0.042612 0.996558 0.052879 0.063835 0.999088 0.035358 -0.023944 0.970314 0.027936 -0.240230 0.987246 0.015418 -0.158453 0.976255 0.031114 -0.214378 0.999052 0.042033 -0.011335 -0.846839 -0.127176 0.516420 0.990255 -0.015942 0.138351 0.877657 -0.114604 0.465386 -0.037868 -0.030398 0.998820 -0.922316 -0.038440 0.384520 0.989338 -0.145633 0.001495 0.987688 -0.156191 0.008815 0.993333 -0.044294 0.106429 0.993845 -0.104374 0.037130 0.827847 -0.055414 0.558210 0.925042 -0.017578 0.379459 0.485752 0.006729 0.874071 -0.900293 0.173702 0.399125 0.988121 0.055526 -0.143294 0.945103 0.137464 -0.296452 0.149060 -0.151804 0.977106 0.877657 -0.114604 0.465386 0.990255 -0.015942 0.138351 0.877657 -0.114604 0.465386 0.149060 -0.151804 0.977106 
						-0.980128 -0.074059 0.184022 0.942956 0.020075 -0.332313 0.964700 0.052587 -0.258047 0.866257 -0.008514 -0.499526 0.812772 0.004061 -0.582567 0.942956 0.020075 -0.332313 0.812772 0.004061 -0.582567 0.663821 0.016817 -0.747702 0.942956 0.020075 -0.332313 0.663821 0.016817 -0.747702 0.727882 0.041211 -0.684463 0.997265 0.017244 -0.071867 0.988121 0.055526 -0.143294 0.626773 0.267068 -0.732005 -0.995475 -0.004912 -0.094899 -0.986390 -0.002260 -0.164405 -0.999410 0.027582 0.020450 -0.999782 -0.004860 0.020316 -0.999410 0.027582 0.020448 -0.999781 -0.004920 0.020316 -0.999410 0.027582 0.020447 -0.999781 -0.004970 0.020315 -0.999410 0.027582 0.020446 -0.999781 -0.005017 0.020317 -0.999410 0.027582 0.020449 -0.999781 -0.005064 0.020319 -0.999410 0.027582 0.020449 -0.999674 -0.004111 0.025205 -0.998398 0.033838 0.045349 -0.999302 -0.001270 0.037336 -0.960091 0.051575 0.274891 -0.996921 -0.012608 0.077393 -0.988343 -0.013312 0.151661 -0.991318 -0.043523 0.124075 -0.748358 -0.614014 0.250891 -0.835364 -0.265941 0.481085 -0.991437 -0.041744 0.123731 -0.993793 -0.049988 0.099381 -0.993702 -0.013756 0.111204 -0.999873 -0.013094 0.009059 -0.996753 -0.018376 0.078396 -0.988430 -0.026625 0.149321 -0.986509 -0.034023 0.160132 0.551738 -0.056917 0.832073 0.747805 -0.085742 0.658359 -0.972928 -0.020841 0.230165 -0.992798 -0.003798 0.119745 -0.992519 -0.003752 0.122033 -0.992126 -0.009796 0.124858 -0.994426 -0.024417 0.102574 -0.106126 -0.069321 0.991933 0.656754 -0.048867 0.752520 -0.999934 -0.011250 -0.002108 -0.999970 -0.007172 -0.002876 -0.997523 -0.016085 0.068480 -0.993192 -0.007540 0.116247 -0.996341 0.020045 0.083084 -0.994176 0.023079 0.105271 -0.995835 0.011053 0.090500 -0.996388 0.014739 0.083632 -0.994969 -0.010188 0.099662 -0.995162 -0.027454 0.094332 -0.993731 -0.021128 0.109779 -0.995275 -0.013541 0.096144 
						-0.994565 -0.005905 0.103954 -0.992196 -0.012072 0.124105 -0.999787 0.000410 -0.020643 -0.999709 -0.013695 -0.019842 -0.992750 0.023330 0.117912 -0.973971 -0.000390 0.226673 -0.863441 0.014235 0.504249 0.337023 0.226170 0.913927 -0.993926 0.014319 0.109115 -0.224087 0.225927 0.948020 -0.998517 0.035666 -0.041135 -0.999336 0.032726 -0.015989 -0.997433 0.038201 0.060565 -0.996891 0.023491 0.075215 -0.992348 0.048865 0.113388 -0.992746 0.053672 0.107584 -0.995960 -0.005437 0.089630 0.961423 0.017643 0.274509 -0.983867 0.053402 0.170743 -0.997294 0.002250 0.073487 -0.998378 0.005537 -0.056664 -0.999028 0.003670 -0.043916 -0.997688 0.004923 0.067786 -0.997620 0.024981 0.064267 -0.997514 0.044530 0.054614 -0.069884 0.927215 -0.367953 0.524840 0.443872 0.726306 0.920871 0.225190 0.318254 -0.997191 0.031044 -0.068167 -0.989035 -0.005726 0.147567 -0.996080 -0.019149 0.086363 -0.998311 -0.014412 0.056274 -0.996489 -0.026487 0.079420 -0.980128 -0.074059 0.184022 -0.846839 -0.127176 0.516420 -0.922316 -0.038440 0.384520 -0.037868 -0.030398 0.998820 -0.973976 -0.021453 0.225634 -0.613060 -0.182900 0.768573 -0.503001 -0.373762 0.779289 -0.659676 -0.484925 0.574174 -0.973976 -0.021453 0.225634 -0.659676 -0.484925 0.574174 -0.990111 -0.007693 0.140075 -0.385818 -0.922089 -0.029951 -0.996921 -0.012608 0.077393 -0.973976 -0.021453 0.225634 -0.973976 -0.021453 0.225634 0.485752 0.006729 0.874071 0.925042 -0.017578 0.379459 -0.900293 0.173702 0.399125 0.877657 -0.114604 0.465386 0.165403 0.008071 -0.986193 0.224198 -0.003631 -0.974537 -0.095887 0.002185 -0.995390 -0.117336 0.004721 -0.993081 -0.388733 -0.004667 -0.921338 -0.375049 -0.000522 -0.927005 -0.611677 -0.020939 -0.790830 -0.581771 -0.006642 -0.813326 -0.749698 -0.040447 -0.660543 -0.920199 -0.006823 -0.391391 0.812772 0.004061 -0.582567 0.866257 -0.008514 -0.499526 
						0.504276 -0.019835 -0.863315 0.663821 0.016817 -0.747702 0.100291 0.059629 -0.993170 -0.177928 0.055941 -0.982452 -0.424032 0.048608 -0.904342 -0.789116 0.031890 -0.613416 0.727882 0.041211 -0.684463 -0.922316 -0.038440 0.384520 0.149231 -0.107312 0.982962 0.981779 -0.019772 0.188995 0.747805 -0.085742 0.658359 0.149231 -0.107312 0.982962 -0.972928 -0.020841 0.230165 -0.900293 0.173702 0.399125 0.137685 0.288247 0.947606 0.988574 0.075404 0.130520 0.763157 0.088054 -0.640186 0.699817 0.125489 -0.703213 0.126742 0.129028 -0.983508 0.173803 0.086730 -0.980954 -0.154927 0.079026 -0.984760 -0.158020 0.120482 -0.980058 -0.412352 0.110330 -0.904319 -0.444349 0.072197 -0.892940 -0.149917 0.052614 -0.987298 -0.144155 0.007923 -0.989523 -0.394241 0.003854 -0.918999 -0.400625 0.045998 -0.915087 0.712237 0.055529 -0.699739 0.721992 0.017328 -0.691685 0.133561 0.011931 -0.990969 0.129383 0.057315 -0.989937 -0.661731 -0.001015 -0.749741 -0.670579 0.037934 -0.740868 -0.696045 0.096972 -0.711420 -0.765766 0.057475 -0.640546 -0.163433 -0.066005 -0.984344 -0.155033 -0.015863 -0.987782 -0.455632 -0.017818 -0.889990 -0.462016 -0.062883 -0.884639 0.767376 -0.010360 -0.641114 0.781639 0.013392 -0.623587 0.188820 -0.009274 -0.981968 0.180371 -0.057786 -0.981900 -0.803756 -0.012477 -0.594828 -0.843143 -0.040418 -0.536168 0.697935 -0.011096 -0.716075 0.140091 -0.038915 -0.989374 -0.069884 0.927215 -0.367953 -0.196703 -0.042222 -0.979554 -0.482512 -0.036119 -0.875144 -0.985786 0.021962 -0.166562 0.124161 0.171541 -0.977322 -0.155618 0.167022 -0.973595 -0.406027 0.150921 -0.901313 -0.678429 0.107506 -0.726758 0.701103 0.133834 -0.700387 0.701103 0.133834 -0.700387 0.771015 0.157927 -0.616924 0.162449 0.239422 -0.957229 0.124161 0.171541 -0.977322 -0.117583 0.239053 -0.963861 -0.155618 0.167022 -0.973595 -0.406027 0.150921 -0.901313 
						-0.373525 0.221536 -0.900778 -0.631851 0.188119 -0.751915 -0.678429 0.107506 -0.726758 0.147147 0.063829 0.987053 -0.863441 0.014235 0.504249 -0.973971 -0.000390 0.226673 0.963055 0.082526 -0.256346 0.952059 0.087189 -0.293225 0.699817 0.125489 -0.703213 0.763157 0.088054 -0.640186 0.976255 0.031114 -0.214378 0.987246 0.015418 -0.158453 0.721992 0.017328 -0.691685 0.712237 0.055529 -0.699739 0.962724 0.025096 -0.269320 0.970314 0.027936 -0.240230 0.781639 0.013392 -0.623587 0.767376 -0.010360 -0.641114 0.988677 0.030700 -0.146885 0.697935 -0.011096 -0.716075 -0.069884 0.927215 -0.367953 0.989326 0.040452 -0.139989 0.701103 0.133834 -0.700387 0.992918 0.033866 -0.113871 0.771015 0.157927 -0.616924 0.728402 0.216771 -0.649955 0.945103 0.137464 -0.296452 -0.705344 0.245166 -0.665119 -0.789116 0.031890 -0.613416 -0.922361 0.019349 -0.385845 -0.944154 0.111897 -0.309924 -0.896798 0.108049 -0.429043 -0.824998 0.106088 -0.555088 -0.999970 -0.007172 -0.002876 -0.631851 0.188119 -0.751915 -0.658041 0.188369 -0.729040 -0.678429 0.107506 -0.726758 -0.631851 0.188119 -0.751915 -0.896798 0.108049 -0.429043 -0.935492 0.042937 -0.350728 -0.670579 0.037934 -0.740868 -0.661731 -0.001015 -0.749741 -0.925725 -0.008475 -0.378103 -0.932330 0.018996 -0.361108 -0.696045 0.096972 -0.711420 -0.944951 0.065804 -0.320526 -0.678429 0.107506 -0.726758 -0.935492 0.042937 -0.350728 -0.824998 0.106088 -0.555088 -0.944154 0.111897 -0.309924 -0.999970 -0.007172 -0.002876 -0.931104 -0.007192 -0.364682 -0.997191 0.031044 -0.068167 -0.069884 0.927215 -0.367953 0.137685 0.288247 0.947606 -0.900293 0.173702 0.399125 -0.983867 0.053402 0.170743 -0.944154 0.111897 -0.309924 -0.824998 0.106088 -0.555088 -0.658041 0.188369 -0.729040 -0.705344 0.245166 -0.665119 0.961423 0.017643 0.274509 0.137685 0.288247 0.947606 -0.983867 0.053402 0.170743 
						0.147147 0.063829 0.987053 0.925042 -0.017578 0.379459 0.983262 0.019666 0.181134 -0.994193 0.006945 -0.107385 -0.993904 0.000903 -0.110245 -1.000000 0.000000 0.000000 -0.999984 0.005648 -0.000000 -0.064896 0.356193 -0.932156 -0.114047 0.047116 -0.992357 0.042005 0.051029 -0.997813 0.062408 0.464706 -0.883263 0.999860 0.016763 0.000000 1.000000 0.000000 0.000000 0.997491 0.003862 0.070692 0.995312 0.057750 0.077585 0.064429 0.286815 0.955817 0.109626 0.043551 0.993018 -0.041347 0.045341 0.998116 -0.061138 0.449022 0.891427 -0.069612 0.010793 0.997516 -0.088328 0.022494 0.995838 0.051005 0.022538 0.998444 0.060067 -0.002392 0.998191 0.995521 0.065416 -0.068256 0.995320 0.041768 -0.087138 0.999914 0.013113 0.000352 0.999995 0.000230 0.003073 -0.999853 0.017157 0.000346 -1.000000 0.000000 0.000000 -0.997047 0.006117 -0.076550 -0.995451 0.058094 -0.075519 0.994696 0.005469 0.102715 0.993904 0.002350 0.110221 1.000000 0.000000 0.000000 0.999984 0.005633 0.000000 -0.999836 -0.018064 0.001070 -0.999994 0.001266 -0.003127 -0.999505 0.019460 -0.024721 -0.999856 -0.006934 -0.015469 -0.058650 0.556465 -0.828798 -0.056808 0.600339 -0.797726 0.057669 0.633921 -0.771245 0.062294 0.425820 -0.902661 -0.995302 0.067716 0.069199 -0.995625 0.034052 0.087015 -0.999916 0.012977 0.000000 -0.999995 -0.002455 -0.002085 -0.999106 -0.022557 0.035764 -0.999629 0.001614 0.027204 -0.999797 -0.020121 0.000729 -0.999437 -0.033542 0.001111 -0.060722 0.073537 -0.995442 -0.058650 0.556465 -0.828798 0.062294 0.425820 -0.902661 0.059865 -0.114238 -0.991648 0.999794 0.004848 -0.019716 0.999895 -0.014242 0.002801 0.998387 -0.045792 -0.033575 0.999554 -0.019985 -0.022205 0.999637 -0.026555 0.004654 0.999479 -0.031513 0.006917 -0.999563 -0.029247 0.004285 -0.999240 -0.030428 -0.024352 -0.053023 -0.375612 -0.925259 
						0.053361 -0.476065 -0.877790 -0.048189 -0.617986 -0.784711 -0.050716 -0.568790 -0.820918 0.052673 -0.553726 -0.831031 0.039643 -0.692831 -0.720009 -0.999376 -0.034068 0.009291 -0.997732 -0.058242 -0.033737 -0.998382 -0.043153 0.037026 -0.999306 -0.037236 0.000862 0.996001 -0.069449 -0.056199 0.997055 -0.065010 -0.040672 0.999520 -0.030148 0.007176 0.999756 -0.021664 0.004241 -0.997597 -0.054298 0.043038 -0.999468 -0.032625 0.000373 -0.999417 -0.032587 0.010200 -0.996212 -0.071515 -0.049459 -0.999699 -0.022904 0.008837 -0.990914 -0.104919 -0.084152 -0.420228 -0.907180 0.020795 -0.030352 -0.792908 -0.608584 -0.048189 -0.617986 -0.784711 0.039643 -0.692831 -0.720009 0.024742 -0.838675 -0.544069 -0.995624 -0.058288 0.073038 -0.999764 -0.021741 0.000237 -0.999884 0.015240 0.000006 -0.999884 0.015240 -0.000011 -0.420228 -0.907180 0.020795 -0.853940 -0.410145 -0.320262 0.369491 -0.893816 -0.254104 0.749456 -0.661672 -0.022489 -0.292962 -0.955537 -0.033484 0.749456 -0.661672 -0.022489 0.993803 -0.039917 -0.103742 0.999810 -0.019398 -0.001732 0.645515 -0.759720 -0.078335 0.999485 -0.032076 -0.000707 0.999570 -0.029254 0.001760 0.999022 -0.027375 0.034728 0.998345 -0.043070 0.038111 0.999582 -0.028870 -0.001573 0.996473 -0.057436 0.061171 -0.420228 -0.907180 0.020795 0.749456 -0.661672 -0.022489 0.594392 -0.765411 0.246665 0.113090 -0.461320 0.879997 -0.024136 -0.208151 0.977799 -0.774162 -0.019077 0.632700 0.999816 -0.019070 0.002175 0.999593 -0.003448 0.028329 0.999994 0.000635 0.003379 0.999237 0.023062 0.031522 -0.292962 -0.955537 -0.033484 -0.903864 -0.162258 -0.395856 -0.092544 -0.594736 -0.798576 0.020886 -0.551501 -0.833912 0.357924 -0.871809 -0.334423 0.645515 -0.759720 -0.078335 -0.912827 -0.003589 0.408331 -0.850455 -0.000359 0.526048 0.999977 0.006756 0.000098 1.000000 0.000000 0.000000 0.995746 0.001432 -0.092125 
						0.967782 0.022793 -0.250757 0.997169 -0.039333 -0.064091 0.992907 0.003079 -0.118851 1.000000 0.000000 0.000000 -0.996197 -0.001917 0.087111 -0.027532 -0.996481 -0.079163 0.039944 -0.996832 0.068779 0.036615 -0.972448 -0.230225 -0.035588 -0.969719 -0.241617 -0.998838 -0.048194 -0.000684 -0.999936 -0.011113 0.001944 -0.999920 -0.012363 -0.002596 -0.998755 -0.049609 0.005275 0.998191 -0.047454 -0.036921 -0.070278 -0.231497 -0.970294 0.066777 -0.316758 -0.946153 0.064437 -0.141804 -0.987795 -0.084464 -0.171059 -0.981634 0.059947 -0.254618 -0.965182 -0.082471 -0.292122 -0.952819 -0.049695 -0.651632 -0.756905 0.062757 -0.823673 -0.563582 0.020886 -0.551501 -0.833912 -0.092544 -0.594736 -0.798576 -0.985400 -0.051400 -0.162309 -0.998001 -0.026956 0.057159 -0.997856 -0.051194 0.040783 -0.995387 -0.046127 -0.084123 -0.997019 -0.051869 -0.057121 0.998882 -0.046844 -0.006411 0.999850 -0.016209 0.006152 -0.999054 -0.042741 -0.008032 0.999097 -0.039647 0.015297 0.997958 -0.040332 0.049528 0.999892 -0.014610 -0.001834 0.999916 -0.012892 -0.001675 0.998910 -0.046278 0.006172 -0.999991 0.004192 0.000335 -0.999818 -0.018267 0.005423 -0.999871 -0.015001 0.005688 -0.999924 0.012328 0.001031 -0.999841 0.017620 0.002584 -0.999909 0.013188 0.002935 -0.999966 0.008233 -0.000946 -0.999864 -0.016223 -0.003016 0.999983 0.005820 0.000392 0.999926 0.012130 -0.000129 0.999838 0.017804 -0.002510 0.999954 -0.009559 -0.000970 0.999927 -0.011456 0.003772 0.999900 0.013759 -0.003141 0.999962 0.008647 0.001458 0.062757 -0.823673 -0.563582 -0.049695 -0.651632 -0.756905 -0.025023 -0.949603 0.312455 0.028795 -0.950260 0.310123 -0.998761 -0.048085 0.012819 -0.973014 0.122183 -0.195743 -0.934067 0.318421 -0.161636 -0.798314 0.599781 0.054378 -0.818733 0.471413 0.327789 -0.970179 0.068212 0.232592 0.974425 0.118995 0.190617 0.935131 0.315117 0.161960 
						0.797192 0.601279 -0.054302 0.816866 0.475476 -0.326577 0.970634 0.065940 -0.231348 0.952136 0.000590 0.305673 -1.000000 0.000000 0.000000 -0.956195 -0.000787 -0.292731 -0.064896 0.356193 -0.932156 0.062408 0.464706 -0.883263 -0.053014 0.013178 -0.998507 0.091587 0.012641 -0.995717 0.787865 -0.003037 0.615841 -1.000000 0.000000 0.000000 -0.788081 -0.003035 -0.615564 0.991447 -0.065793 0.112711 -0.292962 -0.955537 -0.033484 0.645515 -0.759720 -0.078335 0.496522 -0.855881 0.144682 0.043401 -0.581127 0.812655 -0.037168 -0.650084 0.758953 -0.805085 -0.283758 0.520884 -0.024136 -0.208151 0.977799 0.113090 -0.461320 0.879997 0.111009 0.164849 0.980052 -0.055752 0.220143 0.973873 0.075064 0.209767 0.974866 -0.083755 0.167558 0.982298 0.082013 -0.185515 0.979213 -0.068453 -0.369855 0.926564 -0.072771 -0.772456 0.630886 0.038965 -0.652803 0.756525 -0.710588 0.000459 0.703608 -0.993835 0.003618 0.110811 -0.996075 0.001875 0.088498 0.053754 0.623619 0.779878 -0.054993 0.654689 0.753895 0.056097 0.217079 0.974541 0.054559 0.577405 0.814633 -0.055766 0.475082 0.878173 -0.057921 0.050043 0.997066 0.055063 -0.177476 0.982583 -0.055721 -0.269097 0.961500 0.052625 -0.416804 0.907472 -0.051801 -0.439840 0.896581 0.051188 -0.449865 0.891628 -0.049182 -0.430157 0.901414 0.043401 -0.581127 0.812655 -0.037168 -0.650084 0.758953 0.992980 0.011744 0.117697 0.996802 -0.011995 0.079001 0.999141 -0.041329 0.003168 0.998825 -0.048456 0.001179 0.745369 -0.000607 -0.666651 0.916050 -0.003520 -0.401050 0.828817 0.012654 -0.559377 -0.998776 -0.049441 0.001176 0.038965 -0.652803 0.756525 -0.072771 -0.772456 0.630886 -0.000016 0.007779 -0.999970 -0.000216 0.026684 -0.999644 0.828817 0.012654 -0.559377 -0.001416 0.026648 -0.999644 0.000000 0.427834 -0.903857 -0.973014 0.122183 -0.195743 -0.956195 -0.000787 -0.292731 
						0.000000 -0.002290 -0.999997 0.000000 -0.001119 -0.999999 0.745369 -0.000607 -0.666651 0.970634 0.065940 -0.231348 0.000000 0.245897 -0.969296 0.000000 0.997643 -0.068619 0.797192 0.601279 -0.054302 0.935131 0.315117 0.161960 0.000000 0.870054 0.492956 -0.999980 0.006281 -0.000001 -0.999884 0.015240 -0.000002 -0.999884 0.015240 -0.000002 -0.787932 0.003849 0.615751 -0.999884 0.015246 0.000207 -0.974720 0.011730 0.223120 -0.747577 -0.007011 0.664138 -0.999884 0.015240 0.000013 0.999884 0.015240 0.000003 0.999884 0.015240 0.000003 0.122865 -0.020350 0.992215 -0.000003 -0.026657 0.999645 0.065762 0.024712 -0.997529 -0.080742 0.026730 -0.996376 0.866084 -0.001804 0.499895 0.000129 -0.012485 0.999922 0.866084 -0.001804 0.499895 0.001284 -0.013295 0.999911 0.859748 0.006345 0.510679 0.000000 0.252116 0.967697 -0.970179 0.068212 0.232592 -0.818733 0.471413 0.327789 0.000000 0.817935 0.575311 -0.888465 0.003277 -0.458933 0.000000 0.428911 0.903347 0.974425 0.118995 0.190617 0.952136 0.000590 0.305673 0.000000 0.001642 0.999999 0.000000 -0.008228 0.999966 -0.912827 -0.003589 0.408331 -0.710588 0.000459 0.703608 0.000000 0.000803 1.000000 0.000000 0.245897 -0.969296 0.970634 0.065940 -0.231348 0.816866 0.475476 -0.326577 0.000000 0.821404 -0.570348 0.000000 0.870054 0.492956 0.935131 0.315117 0.161960 0.974425 0.118995 0.190617 0.000000 0.428911 0.903347 0.000000 0.997629 0.068822 -0.798314 0.599781 0.054378 -0.934067 0.318421 -0.161636 0.000000 0.872784 -0.488106 -0.000027 -0.005628 -0.999984 -0.788081 -0.003035 -0.615564 -0.888465 0.003277 -0.458933 0.000071 -0.000385 -1.000000 0.999884 0.015221 0.000725 0.999883 0.015266 0.000223 -0.125630 0.032689 -0.991539 0.000001 0.026656 -0.999645 -0.475691 0.030692 -0.879077 0.001390 0.026651 -0.999644 0.000062 -0.005639 0.999984 
						0.787865 -0.003037 0.615841 0.744272 0.028832 -0.667254 0.999884 0.015240 0.000004 0.861161 0.026662 -0.507633 0.999884 0.015240 0.000000 0.000000 -0.008210 -0.999966 0.916050 -0.003520 -0.401050 -0.973014 0.122183 -0.195743 0.000000 0.427834 -0.903857 -0.850455 -0.000359 0.526048 -0.000165 -0.012443 0.999923 -0.001263 -0.013310 0.999911 -0.000045 -0.013339 0.999911 0.000000 0.817935 0.575311 -0.818733 0.471413 0.327789 -0.970179 0.068212 0.232592 0.000000 0.252116 0.967697 -0.907991 0.016480 0.418665 -0.041347 0.045341 0.998116 -0.088328 0.022494 0.995838 -0.919863 0.008646 0.392145 -0.936808 0.003918 -0.349821 -0.053014 0.013178 -0.998507 -0.114047 0.047116 -0.992357 -0.950493 0.018879 -0.310170 0.925351 0.005362 -0.379074 0.911778 0.015985 -0.410373 0.091587 0.012641 -0.995717 0.042005 0.051029 -0.997813 0.932127 0.008030 0.362044 0.051005 0.022538 0.998444 0.109626 0.043551 0.993018 0.946633 0.015675 0.321933 -0.923608 0.140033 0.356846 -0.061138 0.449022 0.891427 0.925212 0.160587 0.343794 0.064429 0.286815 0.955817 0.926932 0.157146 -0.340738 0.062408 0.464706 -0.883263 -0.925359 0.172133 -0.337759 -0.064896 0.356193 -0.932156 -0.912808 0.260989 0.314113 -0.054993 0.654689 0.753895 0.902367 0.284403 0.323804 0.053754 0.623619 0.779878 0.923432 0.238647 -0.300533 0.057669 0.633921 -0.771245 -0.906760 0.270300 -0.323610 -0.056808 0.600339 -0.797726 0.925892 0.191202 -0.325830 0.923432 0.238647 -0.300533 0.925892 0.191202 -0.325830 -0.930804 0.166023 -0.325637 -0.058650 0.556465 -0.828798 -0.930804 0.166023 -0.325637 -0.906760 0.270300 -0.323610 -0.056808 0.600339 -0.797726 0.054559 0.577405 0.814633 0.913201 0.198071 0.356135 -0.918134 0.206081 0.338468 -0.055766 0.475082 0.878173 -0.058650 0.556465 -0.828798 -0.060722 0.073537 -0.995442 -0.926298 -0.044081 -0.374205 
						-0.919411 0.041269 0.391126 -0.057921 0.050043 0.997066 0.917274 0.015558 0.397952 0.056097 0.217079 0.974541 0.927978 -0.010468 -0.372489 0.062294 0.425820 -0.902661 0.059865 -0.114238 -0.991648 -0.899012 -0.116828 0.422053 -0.919411 0.041269 0.391126 -0.899012 -0.116828 0.422053 0.922667 -0.118526 0.366930 0.922667 -0.118526 0.366930 0.917274 0.015558 0.397952 0.901528 -0.197958 -0.384785 0.927978 -0.010468 -0.372489 0.901528 -0.197958 -0.384785 -0.909498 -0.212075 -0.357544 -0.909498 -0.212075 -0.357544 -0.926298 -0.044081 -0.374205 0.906067 -0.203379 0.371051 0.906067 -0.203379 0.371051 0.892343 -0.274486 -0.358305 0.892343 -0.274486 -0.358305 -0.907216 -0.259041 -0.331448 -0.907216 -0.259041 -0.331448 -0.894059 -0.211163 0.395055 -0.894059 -0.211163 0.395055 -0.881801 -0.218667 0.417866 -0.881801 -0.218667 0.417866 0.906357 -0.195290 0.374672 0.906357 -0.195290 0.374672 0.861745 -0.332800 -0.382936 0.052673 -0.553726 -0.831031 0.039643 -0.692831 -0.720009 -0.879449 -0.332670 -0.340440 -0.048189 -0.617986 -0.784711 -0.050716 -0.568790 -0.820918 0.369491 -0.893816 -0.254104 0.861745 -0.332800 -0.382936 -0.853940 -0.410145 -0.320262 -0.879449 -0.332670 -0.340440 0.496522 -0.855881 0.144682 0.496522 -0.855881 0.144682 -0.805085 -0.283758 0.520884 -0.805085 -0.283758 0.520884 -0.069612 0.010793 0.997516 -0.947928 0.019606 0.317880 0.951470 0.027096 -0.306547 0.065762 0.024712 -0.997529 0.768961 0.056654 -0.636781 0.062926 0.029731 -0.997575 0.887644 0.051716 -0.457618 0.961541 0.061313 -0.267730 -0.749950 0.020936 0.661164 -0.020596 -0.025628 0.999459 -0.888749 0.028023 0.457536 -0.961254 0.046875 0.271651 0.060067 -0.002392 0.998191 0.843935 0.012094 0.536309 0.752441 0.023327 0.658247 0.589441 0.011450 0.807730 0.880819 0.010608 0.473334 0.994341 0.012231 0.105527 -0.862752 0.024837 -0.505018 
						-0.080742 0.026730 -0.996376 -0.649969 0.056752 -0.757838 -0.814747 0.058368 -0.576871 -0.895896 0.035192 -0.442867 -0.997994 0.016811 -0.061043 -0.668076 -0.706399 0.233824 -0.716214 -0.697500 -0.023041 -0.668076 -0.706399 0.233824 -0.716214 -0.697500 -0.023041 -0.758505 -0.636026 -0.141918 -0.859380 -0.383199 -0.338562 -0.758505 -0.636026 -0.141918 -0.859380 -0.383199 -0.338562 0.772212 -0.620476 -0.136744 0.769021 -0.638764 0.024231 0.772212 -0.620476 -0.136744 0.769021 -0.638764 0.024231 0.667506 -0.707156 0.233163 0.827484 -0.407675 0.386097 0.667506 -0.707156 0.233163 0.827484 -0.407675 0.386097 -0.907355 -0.127846 -0.400452 -0.903864 -0.162258 -0.395856 -0.907355 -0.127846 -0.400452 -0.903864 -0.162258 -0.395856 -0.892214 0.090316 0.442489 -0.774162 -0.019077 0.632700 -0.892214 0.090316 0.442489 -0.774162 -0.019077 0.632700 0.934375 0.052597 0.352388 0.594392 -0.765411 0.246665 0.934375 0.052597 0.352388 0.594392 -0.765411 0.246665 0.885255 -0.119254 -0.449558 0.357924 -0.871809 -0.334423 0.885255 -0.119254 -0.449558 0.357924 -0.871809 -0.334423 -0.915375 -0.094826 -0.391275 -0.915375 -0.094826 -0.391275 -0.924880 0.039338 0.378220 -0.083755 0.167558 0.982298 -0.055752 0.220143 0.973873 0.918707 0.053597 0.391287 0.075064 0.209767 0.974866 0.111009 0.164849 0.980052 0.899179 -0.089348 -0.428363 0.899179 -0.089348 -0.428363 -0.903946 -0.141588 -0.403528 -0.903946 -0.141588 -0.403528 -0.912204 -0.158422 0.377872 -0.912204 -0.158422 0.377872 -0.924880 0.039338 0.378220 -0.859380 -0.383199 -0.338562 -0.881362 -0.367618 0.296745 -0.881362 -0.367618 0.296745 0.827484 -0.407675 0.386097 0.921777 -0.114767 0.370345 0.921777 -0.114767 0.370345 0.880743 -0.383911 -0.277314 0.900090 -0.156388 -0.406670 0.880743 -0.383911 -0.277314 0.900090 -0.156388 -0.406670 0.082013 -0.185515 0.979213 -0.881362 -0.367618 0.296745 
						0.880743 -0.383911 -0.277314 0.861161 0.026662 -0.507633 -0.475691 0.030692 -0.879077 -0.020596 -0.025628 0.999459 0.000224 -0.013337 0.999911 0.859748 0.006345 0.510679 0.062926 0.029731 -0.997575 0.000092 0.026685 -0.999644 -0.787932 0.003849 0.615751 0.122865 -0.020350 0.992215 -0.125630 0.032689 -0.991539 0.706597 -0.695053 -0.132751 0.630734 -0.729359 -0.264972 0.630734 0.729359 -0.264972 0.706597 0.695053 -0.132751 0.489903 -0.779731 -0.389890 0.489903 0.779731 -0.389890 0.273874 -0.829128 -0.487380 0.273874 0.829128 -0.487380 0.273874 -0.829128 -0.487380 0.000000 -0.850636 -0.525755 0.000000 0.850636 -0.525755 0.273874 0.829128 -0.487380 -0.273874 -0.829128 -0.487380 -0.273874 0.829128 -0.487380 -0.273874 -0.829128 -0.487380 -0.489904 -0.779731 -0.389890 -0.489904 0.779731 -0.389890 -0.273874 0.829128 -0.487380 -0.630734 -0.729359 -0.264972 -0.630734 0.729359 -0.264972 -0.706597 -0.695053 -0.132752 -0.706597 0.695053 -0.132752 -0.730259 -0.683171 0.000000 -0.730259 0.683171 0.000000 -0.706597 -0.695053 0.132752 -0.706597 0.695052 0.132752 -0.630734 -0.729359 0.264972 -0.630734 0.729359 0.264972 -0.489904 -0.779731 0.389890 -0.489904 0.779731 0.389890 -0.273875 -0.829128 0.487380 -0.273875 0.829128 0.487380 -0.273875 -0.829128 0.487380 0.000000 -0.850636 0.525755 0.000000 0.850636 0.525755 -0.273875 0.829128 0.487380 0.273875 -0.829128 0.487380 0.273875 0.829128 0.487380 0.273875 -0.829128 0.487380 0.489904 -0.779730 0.389890 0.489904 0.779730 0.389890 0.273875 0.829128 0.487380 0.630734 -0.729359 0.264972 0.630734 0.729359 0.264972 0.706597 -0.695053 0.132752 0.706597 0.695052 0.132752 0.730259 -0.683171 0.000000 0.730259 0.683171 0.000000 0.630734 -0.729359 -0.264972 0.706597 -0.695053 -0.132751 0.000000 -1.000000 0.000000 0.489903 -0.779731 -0.389890 0.273874 -0.829128 -0.487380 
						0.000000 -0.850636 -0.525755 -0.273874 -0.829128 -0.487380 -0.489904 -0.779731 -0.389890 -0.630734 -0.729359 -0.264972 -0.706597 -0.695053 -0.132752 -0.730259 -0.683171 0.000000 -0.706597 -0.695053 0.132752 -0.630734 -0.729359 0.264972 -0.489904 -0.779731 0.389890 -0.273875 -0.829128 0.487380 0.000000 -0.850636 0.525755 0.273875 -0.829128 0.487380 0.489904 -0.779730 0.389890 0.630734 -0.729359 0.264972 0.706597 -0.695053 0.132752 0.730259 -0.683171 0.000000 0.706597 0.695053 -0.132751 0.630734 0.729359 -0.264972 0.000000 1.000000 0.000000 0.489903 0.779731 -0.389890 0.273874 0.829128 -0.487380 0.000000 0.850636 -0.525755 -0.273874 0.829128 -0.487380 -0.489904 0.779731 -0.389890 -0.630734 0.729359 -0.264972 -0.706597 0.695053 -0.132752 -0.730259 0.683171 0.000000 -0.706597 0.695052 0.132752 -0.630734 0.729359 0.264972 -0.489904 0.779731 0.389890 -0.273875 0.829128 0.487380 0.000000 0.850636 0.525755 0.273875 0.829128 0.487380 0.489904 0.779730 0.389890 0.630734 0.729359 0.264972 0.706597 0.695052 0.132752 0.730259 0.683171 0.000000 0.428405 -0.899995 -0.080486 0.370736 -0.915586 -0.155747 0.370736 0.915586 -0.155747 0.428405 0.899995 -0.080486 0.275368 -0.936026 -0.219152 0.275368 0.936026 -0.219152 0.147488 -0.953603 -0.262467 0.147488 0.953603 -0.262467 0.147488 -0.953603 -0.262467 0.000000 -0.960583 -0.277994 0.000000 0.960583 -0.277994 0.147488 0.953603 -0.262467 -0.147489 -0.953603 -0.262467 -0.147489 0.953603 -0.262467 -0.147489 -0.953603 -0.262467 -0.275369 -0.936026 -0.219152 -0.275369 0.936026 -0.219152 -0.147489 0.953603 -0.262467 -0.370736 -0.915586 -0.155747 -0.370736 0.915586 -0.155747 -0.428405 -0.899995 -0.080487 -0.428405 0.899995 -0.080486 -0.447575 -0.894247 0.000000 -0.447575 0.894247 0.000000 -0.428405 -0.899995 0.080487 -0.428405 0.899995 0.080487 -0.370736 -0.915586 0.155747 
						-0.370736 0.915586 0.155747 -0.275369 -0.936026 0.219152 -0.275369 0.936026 0.219152 -0.147489 -0.953603 0.262467 -0.147489 0.953603 0.262467 -0.147489 -0.953603 0.262467 0.000000 -0.960583 0.277994 0.000000 0.960583 0.277994 -0.147489 0.953603 0.262467 0.147489 -0.953603 0.262467 0.147489 0.953603 0.262467 0.147489 -0.953603 0.262467 0.275369 -0.936026 0.219152 0.275369 0.936026 0.219152 0.147489 0.953603 0.262467 0.370736 -0.915586 0.155747 0.370736 0.915586 0.155747 0.428405 -0.899995 0.080487 0.428405 0.899995 0.080487 0.447575 -0.894247 0.000000 0.447575 0.894247 0.000000 0.370736 -0.915586 -0.155747 0.428405 -0.899995 -0.080486 0.000000 -1.000000 0.000000 0.275368 -0.936026 -0.219152 0.147488 -0.953603 -0.262467 0.000000 -0.960583 -0.277994 -0.147489 -0.953603 -0.262467 -0.275369 -0.936026 -0.219152 -0.370736 -0.915586 -0.155747 -0.428405 -0.899995 -0.080487 -0.447575 -0.894247 0.000000 -0.428405 -0.899995 0.080487 -0.370736 -0.915586 0.155747 -0.275369 -0.936026 0.219152 -0.147489 -0.953603 0.262467 0.000000 -0.960583 0.277994 0.147489 -0.953603 0.262467 0.275369 -0.936026 0.219152 0.370736 -0.915586 0.155747 0.428405 -0.899995 0.080487 0.447575 -0.894247 0.000000 0.428405 0.899995 -0.080486 0.370736 0.915586 -0.155747 0.000000 1.000000 0.000000 0.275368 0.936026 -0.219152 0.147488 0.953603 -0.262467 0.000000 0.960583 -0.277994 -0.147489 0.953603 -0.262467 -0.275369 0.936026 -0.219152 -0.370736 0.915586 -0.155747 -0.428405 0.899995 -0.080486 -0.447575 0.894247 0.000000 -0.428405 0.899995 0.080487 -0.370736 0.915586 0.155747 -0.275369 0.936026 0.219152 -0.147489 0.953603 0.262467 0.000000 0.960583 0.277994 0.147489 0.953603 0.262467 0.275369 0.936026 0.219152 0.370736 0.915586 0.155747 0.428405 0.899995 0.080487 0.447575 0.894247 0.000000 -0.196681 -0.101847 0.975163 
						-0.318320 0.021117 0.947748 -0.970117 -0.114463 0.213943 -0.716032 0.009099 0.698008 -0.992477 0.102278 0.067294 0.318689 -0.114456 0.940924 0.961263 -0.176164 0.211991 0.198603 0.023444 0.979800 0.995646 0.064848 0.066959 0.716144 0.011718 0.697854 -0.990872 0.104979 -0.084566 -0.378387 0.190972 -0.905733 -0.928125 -0.170910 -0.330718 -0.166453 -0.124292 -0.978185 0.980958 0.175248 -0.083720 0.928614 -0.167892 -0.330889 0.267655 0.106562 -0.957604 0.271639 -0.143973 -0.951569 0.318689 -0.114456 0.940924 0.198603 0.023444 0.979800 -0.196681 -0.101847 0.975163 -0.318320 0.021117 0.947748 -0.378387 0.190972 -0.905733 0.267655 0.106562 -0.957604 -0.166453 -0.124292 -0.978185 0.271639 -0.143973 -0.951569 0.989798 -0.067566 -0.125437 0.971593 0.203149 -0.121396 -0.986420 -0.106525 -0.125008 -0.984733 0.122059 -0.124105 0.996364 0.061391 -0.059071 0.453013 0.070722 -0.888695 0.965698 -0.173842 -0.192891 0.214488 -0.155806 -0.964220 -0.329651 -0.319427 -0.888424 -0.332678 0.043663 -0.942029 -0.975791 -0.099215 -0.194907 -0.991967 0.112374 -0.058084 0.980119 0.185347 0.070800 0.925669 -0.251465 0.282672 0.429614 0.174186 0.886054 0.189020 -0.190681 0.963282 -0.285488 -0.391120 0.874941 -0.924830 -0.254807 0.282422 -0.302692 0.178270 0.936268 -0.992881 0.095101 0.071722 0.453013 0.070722 -0.888695 -0.332678 0.043663 -0.942029 0.214488 -0.155806 -0.964220 -0.329651 -0.319427 -0.888424 0.429614 0.174186 0.886054 0.189020 -0.190681 0.963282 -0.302692 0.178270 0.936268 -0.285488 -0.391120 0.874941 -0.988121 -0.103698 0.113420 -0.987219 0.110120 0.115202 0.971403 0.207929 0.114638 0.992086 -0.052886 0.113875 0.965698 -0.173842 -0.192891 0.214488 -0.155806 -0.964220 -0.970117 -0.114463 0.213943 -0.196681 -0.101847 0.975163 0.955318 0.212059 -0.205909 -0.888988 0.402888 0.217673 0.252402 0.557840 -0.790638 
						-0.249614 0.335700 0.908294 -0.975791 -0.099215 -0.194907 0.961263 -0.176164 0.211991 -0.329651 -0.319427 -0.888424 0.318689 -0.114456 0.940924 -0.902879 0.383324 -0.194607 -0.181827 0.257908 -0.948906 0.935989 0.267206 0.229182 0.155437 0.304485 0.939749 0.980119 0.185347 0.070800 0.429614 0.174186 0.886054 -0.990872 0.104979 -0.084566 -0.378387 0.190972 -0.905733 0.992086 -0.052886 0.113875 -0.986420 -0.106525 -0.125008 0.214599 -0.152408 0.964738 -0.196712 -0.098046 -0.975547 -0.992881 0.095101 0.071722 0.980958 0.175248 -0.083720 -0.302692 0.178270 0.936268 0.267655 0.106562 -0.957604 -0.988121 -0.103698 0.113420 -0.330471 -0.312347 0.890634 0.989798 -0.067566 -0.125437 0.318839 -0.110327 -0.941366 -0.903416 -0.000614 0.428765 -0.259889 0.021394 0.965402 -0.987348 -0.007932 0.158369 -0.283117 0.020360 0.958869 0.903413 0.002692 0.428763 0.987370 -0.004319 0.158373 0.227063 0.022719 0.973615 0.289628 0.021298 0.956902 0.227063 0.022719 0.973615 0.289628 0.021298 0.956902 -0.259889 0.021394 0.965402 -0.283117 0.020360 0.958869 0.999610 -0.008321 -0.026659 -0.999574 -0.012015 -0.026585 -0.888988 0.402888 0.217673 0.915851 -0.007002 -0.401458 0.991058 -0.000491 -0.133428 0.297704 -0.024238 -0.954350 0.320901 -0.023434 -0.946823 -0.915827 -0.010063 -0.401448 -0.247018 -0.025601 -0.968673 -0.991051 -0.003804 -0.133427 -0.347586 -0.024217 -0.937335 -0.247018 -0.025601 -0.968673 0.297704 -0.024238 -0.954350 -0.347586 -0.024217 -0.937335 0.320901 -0.023434 -0.946823 -0.999891 -0.000534 -0.014737 -0.902879 0.383324 -0.194607 0.999888 0.002808 -0.014707 -0.249614 0.335700 0.908294 0.935989 0.267206 0.229182 0.155437 0.304485 0.939749 -0.914860 0.245761 -0.320365 -0.370654 0.266934 -0.889585 -0.979868 -0.006944 -0.199527 -0.273595 0.021007 -0.961616 0.913827 0.249553 -0.320382 0.979886 -0.003357 -0.199532 
						0.294796 0.157708 -0.942456 0.264643 0.022122 -0.964093 0.155437 0.304485 0.939749 -0.249614 0.335700 0.908294 -0.370654 0.266934 -0.889585 0.294796 0.157708 -0.942456 -0.273595 0.021007 -0.961616 0.264643 0.022122 -0.964093 0.955318 0.212059 -0.205909 0.252402 0.557840 -0.790638 -0.181827 0.257908 -0.948906 0.941465 0.336913 -0.011551 0.981833 -0.001860 0.189736 0.523145 0.273966 0.807008 0.281976 -0.024352 0.959112 -0.942173 0.334910 -0.012026 -0.387588 0.295792 0.873088 -0.981822 -0.005142 0.189734 -0.299120 -0.025156 0.953884 -0.181827 0.257908 -0.948906 0.252402 0.557840 -0.790638 0.523145 0.273966 0.807008 0.281976 -0.024352 0.959112 -0.387588 0.295792 0.873088 -0.299120 -0.025156 0.953884 -0.978738 -0.127924 0.160334 -0.272496 -0.104187 0.956499 0.979098 -0.124829 0.160578 0.388168 -0.103197 0.915793 0.388168 -0.103197 0.915793 -0.272496 -0.104187 0.956499 0.998386 -0.009262 0.056040 -0.897079 -0.000569 -0.441871 -0.998362 -0.013013 0.055712 0.983836 -0.177353 -0.024755 0.338309 -0.166635 -0.926164 -0.983114 -0.181363 -0.024380 -0.480358 -0.321003 -0.816219 -0.480358 -0.321003 -0.816219 0.338309 -0.166635 -0.926164 -0.911000 -0.009927 0.412286 -0.999533 -0.000208 0.030569 0.999533 0.003129 0.030387 -0.319832 0.019677 -0.947270 -0.986054 -0.108180 -0.126467 -0.165283 -0.170761 -0.971351 0.897074 0.002716 -0.441871 0.991356 -0.069924 -0.111013 0.314998 0.020924 -0.948862 0.265714 -0.190737 -0.944995 -0.319832 0.019677 -0.947270 0.314998 0.020924 -0.948862 -0.165283 -0.170761 -0.971351 0.265714 -0.190737 -0.944995 0.911023 -0.006883 0.412298 0.996958 -0.053071 0.057086 0.378418 -0.022614 0.925359 0.220055 -0.235236 0.946699 -0.346794 -0.024247 0.937628 -0.994114 -0.102241 0.035845 -0.353525 -0.518257 0.778736 0.378418 -0.022614 0.925359 0.220055 -0.235236 0.946699 -0.346794 -0.024247 0.937628 
						-0.353525 -0.518257 0.778736 -0.993078 0.048996 0.106749 -0.977234 -0.095366 0.189525 -0.406715 0.122143 0.905353 -0.001546 0.024543 0.999698 0.003128 0.024544 0.999694 -0.001546 0.024543 0.999698 0.003128 0.024544 0.999694 0.975299 -0.149471 0.162636 0.992862 0.052978 0.106856 0.195871 -0.085130 -0.976928 0.952153 -0.147521 -0.267660 0.482092 0.101955 -0.870168 0.994941 0.091435 -0.041618 -0.299293 -0.117304 -0.946923 -0.343966 0.104219 -0.933180 -0.967396 -0.082335 -0.239512 -0.995197 0.088700 -0.041423 -0.299293 -0.117304 -0.946923 0.195871 -0.085130 -0.976928 -0.343966 0.104219 -0.933180 0.482092 0.101955 -0.870168 0.293538 0.072887 0.953165 0.293538 0.072887 0.953165 -0.406715 0.122143 0.905353 -0.438851 0.157147 -0.884712 -0.196712 -0.098046 -0.975547 0.313667 0.089128 -0.945341 0.318839 -0.110327 -0.941366 -0.438851 0.157147 -0.884712 0.313667 0.089128 -0.945341 -0.196712 -0.098046 -0.975547 0.318839 -0.110327 -0.941366 0.475942 0.127652 0.870164 0.214599 -0.152408 0.964738 -0.339688 0.131387 0.931316 -0.330471 -0.312347 0.890634 0.475942 0.127652 0.870164 0.214599 -0.152408 0.964738 -0.339688 0.131387 0.931316 -0.330471 -0.312347 0.890634 0.928614 -0.167892 -0.330889 0.999610 -0.008321 -0.026659 -0.924830 -0.254807 0.282422 -0.999891 -0.000534 -0.014737 0.913827 0.249553 -0.320382 -0.942173 0.334910 -0.012026 0.999610 -0.008321 -0.026659 -0.999891 -0.000534 -0.014737 -0.914860 0.245761 -0.320365 -0.999574 -0.012015 -0.026585 0.941465 0.336913 -0.011551 0.999888 0.002808 -0.014707 0.999888 0.002808 -0.014707 -0.999574 -0.012015 -0.026585 0.925669 -0.251465 0.282672 -0.928125 -0.170910 -0.330718 -0.166453 -0.124292 -0.978185 0.189020 -0.190681 0.963282 0.271639 -0.143973 -0.951569 -0.285488 -0.391120 0.874941 0.294796 0.157708 -0.942456 -0.387588 0.295792 0.873088 -0.370654 0.266934 -0.889585 
						0.523145 0.273966 0.807008 0.313667 0.089128 -0.945341 -0.339688 0.131387 0.931316 0.971593 0.203149 -0.121396 -0.987219 0.110120 0.115202 -0.438851 0.157147 -0.884712 0.475942 0.127652 0.870164 -0.984733 0.122059 -0.124105 0.971403 0.207929 0.114638 -0.992477 0.102278 0.067294 0.996364 0.061391 -0.059071 0.995646 0.064848 0.066959 -0.991967 0.112374 -0.058084 -0.165283 -0.170761 -0.971351 0.220055 -0.235236 0.946699 -0.986054 -0.108180 -0.126467 0.996958 -0.053071 0.057086 0.265714 -0.190737 -0.944995 -0.353525 -0.518257 0.778736 0.991356 -0.069924 -0.111013 -0.994114 -0.102241 0.035845 -0.977234 -0.095366 0.189525 0.952153 -0.147521 -0.267660 0.975299 -0.149471 0.162636 -0.967396 -0.082335 -0.239512 -0.716032 0.009099 0.698008 0.453013 0.070722 -0.888695 0.195871 -0.085130 -0.976928 -0.716032 0.009099 0.698008 0.716144 0.011718 0.697854 -0.299293 -0.117304 -0.946923 0.716144 0.011718 0.697854 -0.332678 0.043663 -0.942029 0.453013 0.070722 -0.888695 -0.716032 0.009099 0.698008 0.195871 -0.085130 -0.976928 -0.332678 0.043663 -0.942029 -0.299293 -0.117304 -0.946923 0.716144 0.011718 0.697854 -0.993078 0.048996 0.106749 0.994941 0.091435 -0.041618 -0.998362 -0.013013 0.055712 0.999533 0.003129 0.030387 0.992862 0.052978 0.106856 0.998386 -0.009262 0.056040 -0.995197 0.088700 -0.041423 -0.999533 -0.000208 0.030569 -0.978738 -0.127924 0.160334 -0.998362 -0.013013 0.055712 0.983836 -0.177353 -0.024755 0.999533 0.003129 0.030387 -0.999533 -0.000208 0.030569 0.998386 -0.009262 0.056040 -0.983114 -0.181363 -0.024380 0.979098 -0.124829 0.160578 0.388168 -0.103197 0.915793 -0.480358 -0.321003 -0.816219 -0.272496 -0.104187 0.956499 0.338309 -0.166635 -0.926164 -0.406715 0.122143 0.905353 0.482092 0.101955 -0.870168 0.293538 0.072887 0.953165 -0.343966 0.104219 -0.933180 
					</float_array>
					<technique_common>
						<accessor count="1663" offset="0" source="#meshId0-normals-array" stride="3">
							<param name="X" type="float" />
							<param name="Y" type="float" />
							<param name="Z" type="float" />
						</accessor>
					</technique_common>
				</source>
				<source id="meshId0-tangents" name="meshId0-tangents">
					<float_array id="meshId0-tangents-array" count="4989"> 
						0.884520 0.435901 -0.166179 0.844123 0.402123 -0.354617 -0.844123 0.402123 0.354617 -0.884520 0.435901 0.166179 0.732393 0.351932 -0.582876 -0.732393 0.351932 0.582876 0.467155 0.301068 -0.831339 -0.467155 0.301068 0.831339 -0.467155 -0.301068 0.831339 0.000000 -0.277995 0.960583 0.000000 -0.277995 -0.960583 0.467155 -0.301068 -0.831339 0.467156 -0.301068 0.831338 -0.467156 -0.301068 -0.831339 -0.467156 0.301068 -0.831339 -0.732393 0.351932 -0.582876 0.732393 0.351932 0.582876 0.467156 0.301068 0.831339 -0.844123 0.402123 -0.354617 0.844123 0.402123 0.354617 -0.884520 0.435901 -0.166179 0.884520 0.435901 0.166179 -0.894246 0.447575 0.000000 0.894246 0.447575 0.000000 -0.884520 0.435900 0.166179 0.884520 0.435901 -0.166179 -0.844123 0.402123 0.354617 0.844123 0.402123 -0.354617 -0.732393 0.351932 0.582875 0.732393 0.351932 -0.582875 -0.467156 0.301068 0.831338 0.467156 0.301068 -0.831338 -0.467156 0.301068 0.831338 0.000000 0.277994 0.960583 0.000000 0.277994 -0.960583 0.467156 0.301068 -0.831338 0.467156 0.301068 0.831338 -0.467156 0.301068 -0.831338 0.467156 0.301068 0.831338 0.732393 0.351932 0.582875 -0.732393 0.351932 -0.582875 -0.467156 0.301068 -0.831338 0.844123 0.402123 0.354617 -0.844123 0.402123 -0.354617 0.884520 0.435901 0.166179 -0.884520 0.435901 -0.166179 0.894246 0.447575 0.000001 -0.894246 0.447575 -0.000001 0.928738 0.365487 0.062170 0.903587 0.426703 0.038161 1.000000 0.000000 -0.000000 0.961339 0.268118 0.062774 0.989064 0.142201 0.039137 1.000000 0.000000 0.000000 0.989064 -0.142201 -0.039138 0.961339 -0.268118 -0.062775 0.928738 -0.365487 -0.062170 0.903587 -0.426703 -0.038161 0.894246 -0.447575 0.000000 0.903587 -0.426703 0.038161 0.928738 -0.365487 0.062171 0.961339 -0.268119 0.062772 0.989064 -0.142200 0.039141 1.000000 -0.000000 -0.000000 
						0.989064 0.142200 -0.039141 0.961338 0.268119 -0.062773 0.928738 0.365487 -0.062170 0.903587 0.426703 -0.038162 0.894246 0.447575 -0.000000 0.903587 -0.426702 0.038167 0.928738 -0.365485 0.062176 1.000000 0.000000 -0.000000 0.961339 -0.268120 0.062768 0.989064 -0.142198 0.039150 1.000000 0.000000 0.000000 0.989064 0.142198 -0.039150 0.961339 0.268120 -0.062769 0.928738 0.365485 -0.062176 0.903587 0.426702 -0.038167 0.894246 0.447575 0.000000 0.903587 0.426703 0.038158 0.928738 0.365487 0.062170 0.961339 0.268118 0.062778 0.989064 0.142202 0.039134 1.000000 0.000000 -0.000000 0.989064 -0.142202 -0.039134 0.961339 -0.268118 -0.062778 0.928738 -0.365487 -0.062170 0.903587 -0.426703 -0.038158 0.894246 -0.447575 -0.000000 0.998659 -0.051691 -0.002711 0.663134 -0.700935 0.262573 0.090267 -0.911401 0.401498 0.922557 -0.385807 -0.006372 0.999927 0.011880 0.002353 0.999390 0.034883 0.001595 0.999602 0.026261 0.010255 0.582508 0.781276 -0.224257 0.145637 0.989333 -0.003208 -0.002509 0.961700 -0.274093 0.077378 0.001736 0.997000 0.276497 0.026981 0.960636 0.500118 -0.007510 0.865925 0.225487 0.009089 0.974204 -0.006059 0.997619 0.068700 0.005568 0.993008 0.117915 -0.011847 0.997108 0.075062 -0.109059 0.983112 0.146962 -0.007030 0.997891 0.064532 0.028363 0.997971 0.057005 0.000541 0.999973 -0.007316 0.027797 0.997098 0.070873 -0.022729 0.999511 0.021453 -0.018003 0.999773 0.011364 -0.048007 0.978094 0.202552 -0.000199 0.999965 0.008361 0.000078 0.999994 0.003422 0.022755 0.979870 0.198336 0.000341 0.999999 -0.001706 0.077244 0.982316 0.170554 0.030062 0.957992 0.285215 0.447556 0.891494 0.070228 0.024932 0.997671 -0.063491 0.999401 0.034555 -0.001825 0.583907 0.761545 -0.281251 0.549525 -0.382075 0.742995 0.663269 -0.689409 0.291184 -0.519642 0.828675 0.208016 
						-0.259622 0.946290 -0.192698 -0.093082 0.990924 -0.096978 -0.083797 0.862717 0.498695 -0.046036 0.793504 0.606822 0.080605 0.784165 0.615295 0.074700 0.867763 0.491332 -0.192416 0.804426 0.562027 -0.140979 0.759888 0.634582 0.025559 0.542159 0.839887 -0.062265 0.570825 0.818708 0.144684 0.667753 0.730187 0.236474 0.807735 0.540040 0.424338 0.007226 -0.905475 0.646607 -0.005882 -0.762801 0.164797 -0.009867 -0.986278 -0.096612 0.002950 -0.995318 -0.061615 0.496057 0.866101 -0.144477 0.809588 0.568940 0.083180 0.801462 0.592233 0.196788 0.495492 0.846027 0.235092 0.842981 0.483854 0.481081 0.581245 0.656289 0.082942 -0.067000 0.994300 0.137450 -0.252969 0.957661 0.039624 0.493057 0.869094 0.016630 0.049280 0.998646 -0.120549 0.465736 0.876674 -0.003791 0.051654 0.998658 -0.310474 0.339041 0.888064 -0.008243 0.054641 0.998472 -0.047079 -0.243031 0.968875 -0.036421 -0.237458 0.970715 0.971421 -0.010282 0.237140 0.985874 0.002996 0.167461 0.853706 -0.074212 0.515441 0.787120 -0.057903 0.614076 0.993100 -0.007554 -0.117029 0.984490 0.014263 -0.174860 0.912429 -0.008788 -0.409142 0.889434 0.016518 -0.456764 0.559923 0.021326 -0.828270 0.051254 0.136072 -0.989372 0.735212 -0.026610 -0.677315 0.829260 -0.111373 -0.547654 0.108109 0.037441 -0.993434 0.033037 0.153173 -0.987647 0.140142 -0.008926 0.990091 0.703867 -0.130842 0.698178 0.919758 0.133950 0.368922 0.872927 0.210143 0.440271 -0.571124 0.802150 0.174279 -0.135630 0.963941 -0.228959 -0.057517 0.986425 -0.153813 0.983552 -0.086201 -0.158731 0.660885 0.001443 -0.750486 0.189253 0.012090 -0.981854 -0.043153 -0.957800 -0.284179 -0.030338 -0.971006 -0.237124 0.041271 -0.970915 -0.235841 0.043631 -0.956520 -0.288387 -0.135007 -0.982029 -0.131877 -0.129698 -0.982083 -0.136715 -0.090383 -0.975135 -0.202344 -0.112294 -0.964703 -0.238196 
						0.125770 -0.987443 -0.095593 0.164223 -0.976216 -0.141542 -0.361105 0.003704 0.932518 -0.378101 -0.001811 0.925762 -0.019874 0.002187 0.999800 -0.020644 -0.000048 0.999787 -0.277536 -0.001479 0.960714 -0.320791 0.006793 0.947126 -0.016228 -0.007032 0.999844 -0.041522 -0.010179 0.999086 -0.535750 -0.021467 0.844104 -0.594808 -0.005698 0.803848 -0.282117 0.000007 0.959380 -0.247422 0.000060 0.968908 -0.043921 -0.001287 0.999034 -0.056677 -0.002345 0.998390 -0.640372 0.023824 0.767695 -0.350723 0.007901 0.936446 -0.002130 0.001973 0.999996 -0.428406 0.030232 0.903080 -0.002963 0.012225 0.999921 -0.002960 0.011705 0.999927 -0.310096 0.016311 0.950565 -0.385834 0.004416 0.922557 0.009028 0.002397 0.999956 -0.378786 0.032567 0.924911 0.984477 -0.105969 -0.139910 0.226673 -0.000183 0.973971 -0.364711 0.003181 0.931115 -0.247422 0.000315 0.968908 -0.056678 -0.002383 0.998390 -0.069016 -0.027139 0.997246 -0.365514 0.930429 0.026495 -0.309430 0.950456 -0.029783 -0.161729 0.985080 -0.058823 -0.062246 0.997141 -0.042845 -0.640414 0.023114 0.767682 -0.712893 0.024607 0.700841 -0.322069 -0.014067 0.946612 -0.277517 -0.001096 0.960720 -0.406425 0.888906 -0.211339 -0.046214 0.994117 0.097962 -0.081229 0.995897 0.039887 0.062575 -0.934325 -0.350886 0.057242 -0.953042 -0.297378 -0.057000 -0.951682 -0.301748 -0.033718 -0.938041 -0.344879 0.170959 -0.851758 -0.495260 0.222351 -0.876417 -0.427145 0.150487 -0.927165 -0.343102 0.135732 -0.908449 -0.395345 -0.185447 -0.850845 -0.491602 -0.168892 -0.870533 -0.462222 0.897908 0.010243 -0.440065 0.905438 0.001279 -0.424477 0.613989 0.012161 -0.789221 0.696495 0.065168 -0.714596 0.774960 -0.115758 0.621319 0.685573 -0.024337 0.727597 0.994925 0.002173 0.100599 0.994347 0.011435 0.105559 0.982630 0.011746 -0.185202 0.984010 0.001830 -0.178106 -0.165964 0.026697 0.985770 
						-0.535741 -0.021644 0.844105 -0.247421 -0.000236 0.968908 -0.364560 -0.014210 0.931072 0.070517 0.993193 0.092710 0.212430 0.972590 -0.094562 -0.011697 0.998920 -0.044959 -0.016410 -0.999265 -0.034641 0.015958 -0.999652 -0.021031 -0.205791 -0.374320 -0.904176 -0.391386 -0.002145 0.920224 -0.660949 -0.004242 0.750419 -0.164408 0.000983 0.986392 -0.094892 -0.001593 0.995486 -0.613670 0.002238 0.789559 -0.813340 -0.000836 0.581788 0.009027 0.002513 0.999956 -0.385921 -0.000210 0.922532 0.111955 -0.000312 -0.993713 0.098126 -0.006873 -0.995150 0.168080 -0.002802 -0.985769 0.017731 0.000015 -0.999843 0.097359 -0.000264 -0.995249 -0.096506 -0.001609 -0.995331 0.164433 0.004796 -0.986377 0.020386 0.002161 -0.999790 -0.009829 -0.000399 -0.999952 -0.000787 0.000887 -0.999999 -0.016326 -0.000036 -0.999867 -0.020117 -0.000001 -0.999798 -0.020262 0.000001 -0.999795 -0.020129 0.000212 -0.999797 -0.020142 0.000449 -0.999797 -0.020272 -0.000004 -0.999795 -0.332247 -0.006620 -0.943169 -0.071862 -0.000891 -0.997414 0.020155 0.000004 -0.999797 -0.020117 -0.000002 -0.999798 -0.020118 -0.000002 -0.999798 -0.257726 -0.012919 -0.966132 0.252559 0.005608 -0.967565 -0.442129 -0.194978 -0.875503 0.424318 -0.057592 -0.903680 0.424318 -0.057592 -0.903680 1.000000 0.000000 0.000000 0.424434 -0.001013 -0.905458 0.052889 0.000004 -0.998600 0.057299 0.000041 -0.998357 0.044966 0.000001 -0.998988 0.102213 0.000117 -0.994763 0.106440 0.000252 -0.994319 0.656421 -0.053120 -0.752522 0.830098 -0.059127 -0.554474 0.126620 0.000172 -0.991951 0.189001 -0.001590 -0.981976 0.064260 -0.000484 -0.997933 0.042559 0.000296 -0.999094 -0.020278 -0.000005 -0.999794 -0.113828 -0.003193 -0.993495 -0.139906 -0.004887 -0.990153 0.751193 -0.045219 -0.658532 0.006777 -0.997594 -0.068991 0.087870 0.000187 -0.996132 0.066262 0.000003 -0.997802 0.047727 -0.000156 -0.998860 
						0.070586 -0.000479 -0.997505 -0.029059 0.000088 -0.999578 -0.017698 -0.000208 -0.999843 -0.292173 -0.024888 -0.956042 -0.255567 -0.020050 -0.966583 0.063365 -0.000010 -0.997990 0.068256 -0.000036 -0.997668 0.058269 0.000010 -0.998301 0.051248 -0.000709 -0.998686 0.839885 0.366433 -0.400401 -0.504001 0.017819 -0.863519 0.181117 0.002647 -0.983458 0.067814 -0.001117 -0.997697 0.043030 -0.000038 -0.999074 0.038822 -0.000094 -0.999246 0.027367 0.000007 -0.999626 0.017187 -0.000114 -0.999852 0.064587 0.000074 -0.997912 0.043900 0.000099 -0.999036 0.057663 0.000228 -0.998336 0.058944 -0.000776 -0.998261 0.046997 -0.000306 -0.998895 -0.474885 0.824145 -0.308656 0.082056 0.000414 -0.996628 0.077406 0.000357 -0.997000 0.274495 0.003216 -0.961583 0.130495 0.005288 -0.991435 -0.146845 -0.003579 -0.989153 -0.036528 -0.000329 -0.999333 -0.027109 -0.000146 -0.999632 -0.269245 -0.006373 -0.963051 0.051475 -0.000438 -0.998674 0.029736 0.000649 -0.999558 -0.001334 0.000037 -0.999999 0.052650 -0.364912 -0.929552 0.315396 0.049556 -0.947665 0.611886 0.396425 -0.684429 0.042627 0.000833 -0.999091 0.063902 0.000435 -0.997956 -0.023958 -0.000031 -0.999713 -0.240148 -0.006295 -0.970716 -0.158438 -0.002157 -0.987366 -0.214291 -0.006172 -0.976750 -0.011354 0.000220 -0.999936 -0.499572 -0.142902 -0.854404 0.138352 -0.001093 -0.990383 0.463513 -0.044124 -0.884991 0.961646 -0.272846 0.028156 -0.383000 -0.041481 -0.922817 0.001049 -0.003138 -0.999995 0.008212 -0.004501 -0.999956 0.106282 -0.005653 -0.994320 0.034490 -0.026990 -0.999041 0.558850 -0.004632 -0.829256 0.379435 -0.004824 -0.925206 0.874022 0.009323 -0.485797 -0.379153 0.137462 -0.915067 -0.143132 -0.006898 -0.989680 -0.293798 -0.039684 -0.955043 0.960739 -0.211617 -0.179440 0.468083 -0.003783 -0.883676 0.138449 0.005201 -0.990356 -0.440312 0.190759 0.877346 0.938676 0.332423 -0.091552 
						0.186529 -0.028433 0.982038 -0.332177 -0.009868 -0.943165 -0.259760 0.028748 -0.965245 -0.499555 -0.001603 -0.866281 -0.582553 -0.004116 -0.812782 0.332577 -0.011631 0.943004 0.582386 0.020200 0.812661 0.747740 0.005218 0.663972 -0.332426 0.002501 -0.943126 -0.747715 -0.006756 -0.663985 -0.684613 -0.012574 -0.728798 -0.071997 0.007019 -0.997380 -0.144454 0.017461 -0.989357 -0.734205 -0.112200 -0.669592 -0.094897 -0.000562 0.995487 -0.164405 -0.000418 0.986393 0.020457 0.000001 0.999791 0.020316 0.000004 0.999794 0.020455 0.000000 0.999791 0.020317 0.000003 0.999794 0.020455 0.000002 0.999791 0.020316 -0.000000 0.999794 0.020454 0.000002 0.999791 0.020317 -0.000007 0.999794 0.020457 0.000001 0.999791 0.020320 -0.000005 0.999794 0.020456 -0.000006 0.999791 0.025205 0.000000 0.999682 0.045350 -0.000731 0.998971 0.037336 -0.000020 0.999303 0.274609 -0.012629 0.961473 0.077401 -0.000089 0.997000 0.151683 -0.000658 0.988429 0.124781 -0.013908 0.992087 0.321604 -0.005074 0.946861 0.474818 0.091884 0.875274 0.123809 0.000736 0.992306 0.099411 0.001879 0.995045 0.111244 -0.002186 0.993791 0.009061 -0.000146 0.999959 0.078404 0.000280 0.996922 0.149359 0.000588 0.988783 0.160268 -0.001272 0.987073 -0.817269 0.162036 0.553006 -0.649573 0.110536 0.752221 0.230189 0.001264 0.973145 0.119746 -0.000119 0.992805 0.122034 0.000056 0.992526 0.124863 0.000084 0.992174 0.102607 -0.000076 0.994722 0.958768 0.257349 0.120562 -0.748745 0.076510 0.658428 -0.002105 -0.000249 0.999998 -0.002875 -0.000166 0.999996 0.068486 0.000126 0.997652 0.116252 -0.000194 0.993220 0.083096 -0.000221 0.996541 0.105296 -0.000149 0.994441 0.090509 0.000289 0.995896 0.083644 0.000165 0.996496 0.099669 -0.000262 0.995021 0.094393 -0.000903 0.995535 0.109807 -0.000143 0.993953 0.096151 0.000092 0.995367 
						0.103956 0.000008 0.994582 0.124110 0.000311 0.992268 -0.020643 0.000019 0.999787 -0.019836 -0.000549 0.999803 0.117963 0.000810 0.993018 0.226673 0.000048 0.973971 0.504262 -0.002936 0.863546 -0.476197 -0.796448 0.372702 0.109123 -0.000166 0.994028 0.816167 -0.488100 0.309241 -0.041093 0.001917 0.999154 -0.015947 0.001556 0.999872 0.060603 -0.000146 0.998162 0.075241 0.000210 0.997165 0.113511 -0.000276 0.993537 0.107680 -0.001099 0.994185 0.089631 0.000091 0.995975 -0.274405 -0.008108 0.961580 0.170823 -0.003105 0.985297 0.073487 0.000021 0.997296 -0.056662 0.000400 0.998393 -0.043916 0.000219 0.999035 0.067787 0.000020 0.997700 0.064286 -0.000040 0.997932 0.054629 -0.000886 0.998506 0.027534 0.370507 0.928422 -0.444838 -0.584452 0.678627 -0.302677 -0.101567 0.947666 -0.068132 0.002206 0.997674 0.147569 0.000023 0.989052 0.086380 -0.000082 0.996262 0.056280 -0.000009 0.998415 0.079443 0.000175 0.996839 0.184221 0.004195 0.982876 0.517081 0.030355 0.855398 0.384711 0.002581 0.923033 0.990006 0.134739 0.041635 0.225896 -0.010669 0.974093 0.775238 0.048136 0.629832 0.859241 -0.118972 0.497545 0.750713 -0.389121 0.533868 0.225559 0.005922 0.974212 0.554562 0.201550 0.807365 0.140078 0.000135 0.990140 0.005711 -0.034851 0.999376 1.000000 0.000000 0.000000 0.226184 -0.155942 0.961521 0.226184 -0.155942 0.961521 -0.873868 -0.019118 0.485787 -0.379303 0.011637 0.925199 0.399872 -0.032228 0.916004 -0.458275 0.083703 0.884860 0.986225 -0.000251 0.165406 0.974543 0.000156 0.224199 0.995392 -0.000121 -0.095887 0.993092 -0.000136 -0.117338 0.921348 0.000261 -0.388738 0.927005 0.000006 -0.375049 0.790987 0.001272 -0.611832 0.813344 -0.000098 -0.581783 0.661103 -0.000639 -0.750295 0.391418 -0.003047 -0.920208 0.582577 -0.001717 0.812774 0.499566 0.003450 0.866269 
						0.863489 0.000457 0.504368 0.747864 -0.006417 0.663821 0.994930 0.001502 0.100559 0.984010 0.001864 -0.178104 0.905448 0.001813 -0.424453 0.614000 0.012818 -0.789202 0.685583 -0.025080 0.727563 0.042102 0.979121 0.198870 0.465201 0.884824 0.025973 0.037624 0.995108 -0.091343 0.439195 0.807535 -0.393695 0.984241 0.111492 -0.137253 0.230524 -0.016820 0.972921 -0.361102 0.213970 -0.907647 0.906560 0.348714 -0.237795 0.132960 -0.028278 -0.990718 0.645232 -0.049257 0.762397 0.713286 -0.069738 0.697395 0.991792 0.000397 0.127862 0.984639 0.001550 0.174593 0.987858 0.000699 -0.155358 0.987277 0.001488 -0.159001 0.909968 0.002075 -0.414674 0.895275 -0.000051 -0.445515 0.988669 0.000208 -0.150114 0.989554 -0.000029 -0.144160 0.919006 -0.000003 -0.394244 0.916061 0.000246 -0.401039 0.701727 -0.031870 0.711732 0.691881 -0.010323 0.721938 0.991039 -0.000069 0.133570 0.991566 0.000060 0.129599 0.749741 -0.000207 -0.661731 0.741578 0.007822 -0.670821 0.716194 0.023570 -0.697503 0.642221 0.015718 -0.766358 0.986509 -0.001318 -0.163704 0.987907 -0.000178 -0.155049 0.890133 -0.000240 -0.455700 0.886428 -0.001218 -0.462864 0.641184 0.005836 0.767365 0.623707 -0.007923 0.781618 0.982010 -0.000051 0.188828 0.983534 -0.000880 0.180723 0.594912 -0.004243 -0.803780 0.537108 -0.016980 -0.843342 0.716149 0.004969 0.697930 0.990113 -0.001714 0.140263 0.987170 0.011195 -0.159279 0.980445 -0.002359 -0.196780 0.875749 -0.002004 -0.482763 0.167058 0.023087 -0.985677 0.992008 0.000820 0.126171 0.987516 0.001961 -0.157507 0.911907 0.002449 -0.410389 0.732582 0.024533 -0.680237 0.711918 -0.075829 0.698156 0.711782 -0.072583 0.698640 0.634558 -0.108998 0.765151 0.986180 -0.007403 0.165511 0.991986 0.001788 0.126338 0.992433 -0.006281 -0.122627 0.987484 0.000709 -0.157716 0.911738 -0.000296 -0.410772 
						0.923308 -0.004735 -0.384032 0.768750 0.028274 -0.638924 0.732440 0.022027 -0.680475 0.983974 -0.111058 -0.139506 0.504323 0.001971 0.863513 0.226673 -0.000181 0.973971 -0.258044 0.010425 -0.966077 -0.295515 0.014332 -0.955231 -0.704388 -0.042380 -0.708549 -0.640479 -0.028619 -0.767442 -0.214713 0.007815 -0.976646 -0.158544 0.004885 -0.987340 -0.691712 -0.005327 -0.722154 -0.699991 -0.018017 -0.713924 -0.269470 0.002765 -0.963005 -0.240428 0.003928 -0.970659 -0.623596 -0.004008 -0.781736 -0.641118 0.003362 -0.767435 -0.147186 0.007763 -0.989078 -0.716075 0.004717 -0.698008 -0.391638 -0.364741 -0.844739 -0.140625 0.013311 -0.989973 -0.701749 -0.044752 -0.711018 -0.114338 0.012175 -0.993367 -0.620121 -0.034183 -0.783761 -0.655424 -0.055936 -0.753187 -0.302231 0.022787 -0.952962 -0.677282 0.043874 0.734414 -0.613656 0.002747 0.789568 -0.385977 -0.003494 0.922502 -0.314861 -0.029090 0.948692 -0.433009 -0.015189 0.901262 -0.557894 0.003848 0.829903 -0.002902 0.003705 0.999989 -0.758109 0.051959 0.650055 -0.735765 0.045006 0.675740 -0.728728 0.027043 0.684269 -0.757299 0.056826 0.650592 -0.432871 -0.013692 0.901352 -0.351410 -0.009264 0.936176 -0.741126 0.009490 0.671299 -0.749741 -0.000273 0.661732 -0.378129 0.001759 0.925751 -0.361245 -0.004243 0.932461 -0.712920 0.024300 0.700825 -0.322106 -0.014711 0.946589 -0.729001 0.024099 0.684088 -0.351453 -0.010434 0.936148 0.430828 0.753731 -0.496263 0.228439 0.900126 -0.370929 -0.007157 0.999962 -0.004999 0.013430 -0.999804 -0.014571 -0.028735 -0.998988 -0.034597 -0.249301 -0.373383 -0.893551 0.874816 -0.484037 0.020128 0.410212 0.031865 0.911433 0.172223 0.024436 0.984755 0.150633 0.983110 -0.103940 0.228468 0.960988 -0.155897 0.365079 0.926606 -0.090109 0.379294 0.923201 -0.061937 0.015777 0.992761 -0.119062 0.372518 0.871404 -0.319194 0.064823 0.995967 0.062031 
						-0.312815 0.949699 -0.014780 -0.030818 0.992163 0.121089 -0.029948 0.998081 0.054204 -0.107386 0.000180 0.994217 -0.110245 0.000027 0.993904 0.000000 0.000005 1.000000 -0.000000 0.000000 1.000000 0.997892 0.023164 -0.060621 0.993475 0.005409 -0.113919 0.999117 -0.002145 0.041950 0.998051 -0.029058 0.055230 0.000000 -0.000000 -1.000000 0.000000 -0.000002 -1.000000 0.070693 -0.000022 -0.997498 0.077673 0.000724 -0.996979 0.997922 -0.018518 -0.061711 0.993973 -0.004803 -0.109521 0.999145 0.001876 0.041304 0.998129 0.027504 0.054602 0.997574 0.000753 0.069608 0.996091 0.001995 0.088305 0.998698 -0.001151 -0.050992 0.998194 0.000144 -0.060067 -0.068405 0.000032 -0.997658 -0.087178 -0.000846 -0.996192 0.000352 0.000001 -1.000000 0.003073 0.000000 -0.999995 0.000346 -0.000002 1.000000 0.000000 0.000001 1.000000 -0.076551 0.000027 0.997066 -0.075617 0.000518 0.997137 0.102716 0.000102 -0.994711 0.110222 0.000064 -0.993907 0.000000 -0.000000 -1.000000 0.000000 -0.000000 -1.000000 0.001070 0.000009 0.999999 -0.003127 0.000003 0.999995 -0.024742 -0.000835 0.999694 -0.015473 0.000454 0.999880 1.000000 0.000000 0.000000 1.000000 0.000000 0.000000 -0.810534 -0.421287 -0.406882 -0.885123 -0.394330 -0.247105 0.069368 0.000135 0.997591 0.087041 -0.000735 0.996204 0.000000 0.000000 1.000000 -0.002085 -0.000004 0.999998 0.035806 -0.001447 0.999358 0.027204 0.000104 0.999630 0.000729 0.000016 1.000000 0.001111 0.000022 0.999999 0.997992 -0.013549 -0.061878 0.998279 0.032693 -0.048693 0.998058 -0.026578 0.056340 0.997880 -0.018539 0.062377 -0.019718 0.000305 -0.999806 0.002802 0.000027 -0.999996 -0.033711 -0.002193 -0.999429 -0.022238 -0.001461 -0.999752 0.004656 0.000016 -0.999989 0.006924 0.000084 -0.999976 0.004287 -0.000011 0.999991 -0.024425 0.002006 0.999700 0.983537 0.140645 -0.113459 
						0.975423 -0.163340 0.147883 0.998838 -0.029815 -0.037858 0.976563 0.143911 -0.160043 0.977594 -0.141247 0.156077 0.999214 0.027488 0.028566 0.009298 -0.000046 0.999957 -0.033944 0.002566 0.999420 0.037162 -0.002345 0.999307 0.000861 0.000047 1.000000 -0.056470 -0.001946 -0.998402 -0.040862 -0.001605 -0.999164 0.007181 0.000051 -0.999974 0.004243 0.000026 -0.999991 0.043225 -0.002273 0.999063 0.000372 0.000023 1.000000 0.010205 -0.000005 0.999948 -0.049658 0.001002 0.998766 0.008838 0.000067 0.999961 -0.084632 0.000120 0.996412 0.119107 -0.032426 0.992352 -0.008658 -0.608633 0.793404 -0.009540 -0.785303 0.619039 0.003715 -0.720468 0.693478 0.004646 -0.544134 0.838986 0.073200 -0.000640 0.997317 0.000236 0.000034 1.000000 0.000006 0.000006 1.000000 -0.000011 0.000010 1.000000 0.008717 0.018879 0.999784 -0.212812 -0.286376 0.934184 0.019130 -0.266080 0.963761 0.016861 -0.014882 0.999747 -0.064260 -0.015264 0.997817 0.049831 0.090249 -0.994672 -0.103801 0.000610 -0.994598 -0.001732 0.000016 -0.999998 -0.065715 0.046938 -0.996734 -0.000707 0.000008 -1.000000 0.001760 -0.000014 -0.999998 0.034789 0.001748 -0.999393 0.038246 0.002308 -0.999266 -0.001573 0.000030 -0.999999 0.061354 0.001427 -0.998115 0.008759 0.018860 0.999784 0.016866 -0.014876 0.999747 -0.151287 0.194823 0.969101 -0.209570 0.854678 0.474979 0.112630 0.971290 0.209546 0.632508 0.015583 0.774397 0.002176 0.000008 -0.999998 0.028330 0.000200 -0.999599 0.003379 0.000001 -0.999994 0.031552 -0.000898 -0.999502 0.002708 -0.035849 0.999354 -0.380755 -0.116819 0.917267 -0.112108 -0.790695 0.601858 0.028623 -0.833423 0.551894 0.110527 -0.316076 0.942274 0.028614 -0.078438 0.996508 0.408328 0.001615 0.912834 0.526048 0.000223 0.850455 0.000098 0.000001 -1.000000 0.000000 -0.000004 -1.000000 -0.092125 -0.000016 -0.995747 
						-0.250736 -0.003833 -0.968048 -0.064186 -0.001161 -0.997937 -0.118851 -0.000146 -0.992912 0.000000 0.000000 -1.000000 0.087111 -0.000003 0.996199 0.999453 -0.028894 0.016108 0.999073 0.040952 0.013301 0.997672 0.048835 -0.047603 0.997556 -0.049017 0.049798 -0.000659 -0.000523 1.000000 0.001944 0.000008 0.999998 -0.002596 -0.000004 0.999997 0.005444 -0.003279 0.999980 -0.037062 -0.002097 -0.999311 0.992629 0.080048 -0.090994 0.988740 -0.106264 0.105358 0.996069 -0.051148 0.072319 0.993825 0.056685 -0.095391 0.992560 -0.087450 0.084717 0.989129 0.092806 -0.114067 0.967666 0.156226 -0.198030 0.957377 -0.109843 0.267142 0.986298 -0.125160 0.107476 0.979050 0.091742 -0.181783 -0.162340 -0.003597 0.986728 0.057200 -0.000763 0.998362 0.040914 -0.001510 0.999162 -0.084232 0.000419 0.996446 -0.057262 0.001238 0.998358 -0.006515 -0.002069 -0.999977 0.006153 0.000004 -0.999981 -0.008117 0.001807 0.999965 0.015388 0.001996 -0.999880 0.049603 0.000862 -0.998769 -0.001835 -0.000039 -0.999998 -0.001675 -0.000001 -0.999999 0.006326 0.003190 -0.999975 0.000335 -0.000008 1.000000 0.005424 -0.000049 0.999985 0.005689 0.000013 0.999984 0.001031 -0.000030 1.000000 0.002585 0.000047 0.999997 0.002935 0.000031 0.999996 -0.000946 0.000007 1.000000 -0.003017 0.000013 0.999995 0.000392 -0.000009 -1.000000 -0.000129 -0.000023 -1.000000 -0.002511 0.000050 -0.999997 -0.000970 0.000002 -1.000000 0.003773 -0.000001 -0.999993 -0.003141 0.000030 -0.999995 0.001458 0.000006 -0.999999 0.986180 0.137934 -0.091775 0.979571 -0.179655 0.090354 0.997986 -0.041952 -0.047576 0.997818 0.045765 0.047583 0.012953 -0.002486 0.999913 -0.194312 0.023633 0.980655 -0.154572 0.047508 0.986839 0.048853 -0.025501 0.998480 0.290430 -0.152455 0.944674 0.232046 -0.015933 0.972574 0.189305 0.022338 -0.981664 0.155041 0.047080 -0.986786 
						-0.048654 -0.025668 -0.998486 -0.288730 -0.153091 -0.945092 -0.230838 -0.015345 -0.972871 0.305673 0.000188 -0.952137 0.000000 0.000002 1.000000 -0.292731 -0.000238 0.956195 1.000000 0.000000 0.000000 1.000000 0.000000 0.000000 0.998594 0.000700 -0.053010 0.995797 -0.001163 0.091580 0.615836 -0.002386 -0.787871 0.000000 0.000000 1.000000 -0.615560 -0.002371 0.788087 0.112838 -0.001790 -0.993612 0.002666 -0.035837 0.999354 0.028578 -0.078469 0.996507 -0.092317 0.113667 0.989221 -0.066491 0.809938 0.582735 0.047457 0.757472 0.651140 0.506902 0.126910 0.852610 0.998011 0.051964 0.035697 0.983758 -0.072265 -0.164308 0.992124 0.039193 -0.118968 0.995545 -0.062032 0.071015 0.997179 -0.015790 -0.073384 0.995212 -0.035766 0.090957 0.994659 -0.046543 -0.092125 0.982681 0.135306 0.126608 0.992873 -0.115971 -0.027470 0.991295 0.120540 0.052957 0.703608 -0.000455 0.710588 0.110811 -0.000126 0.993841 0.088498 -0.000010 0.996076 0.998554 -0.033570 -0.041982 0.998487 0.036066 0.041515 0.996624 0.046431 -0.067711 0.998510 -0.031534 -0.044523 0.998444 0.026552 0.049039 0.998235 -0.010180 0.058500 0.995235 -0.069557 -0.068336 0.991102 0.101679 0.085893 0.981504 -0.145909 -0.123935 0.979728 0.151588 0.130970 0.979582 -0.151189 -0.132519 0.981381 0.146959 0.123674 0.970407 -0.168883 -0.172594 0.965143 0.173541 0.195914 0.117701 0.000371 -0.993049 0.079007 0.000071 -0.996874 0.003177 0.000149 -0.999995 0.001107 -0.001515 -0.999998 -0.666651 0.000537 -0.745370 -0.401047 0.001541 -0.916056 -0.559312 -0.008539 -0.828913 0.001109 0.001385 0.999998 0.974696 -0.141943 -0.172684 0.967910 0.097857 0.231462 1.000000 0.000005 -0.000016 1.000000 0.000004 -0.000216 0.559520 -0.018734 0.828605 0.999999 0.000000 -0.001417 1.000000 0.000000 0.000000 0.230746 0.515222 -0.825411 0.292732 -0.002572 -0.956191 
						1.000000 0.000000 0.000000 1.000000 0.000000 0.000000 0.666652 0.000679 0.745369 0.240561 -0.266058 0.933458 1.000000 0.000000 0.000000 0.000000 -0.068619 -0.997643 -0.037247 -0.040790 -0.998473 0.057643 0.315720 -0.947100 0.000000 0.492956 -0.870054 -0.000001 -0.000000 1.000000 -0.000002 -0.000009 1.000000 -0.000002 0.000005 1.000000 0.615744 -0.002981 0.787941 0.000207 0.000007 1.000000 0.223117 -0.001598 0.974790 0.664143 0.001972 0.747603 0.000013 -0.000003 1.000000 0.000003 0.000005 -1.000000 0.000003 0.000013 -1.000000 0.992423 0.002516 -0.122839 1.000000 -0.000001 0.000003 0.997835 -0.001628 0.065741 0.996735 0.002166 -0.080713 0.499894 -0.001042 -0.866086 1.000000 0.000002 -0.000129 0.499898 0.003143 -0.866078 0.999999 -0.000005 -0.001284 0.510719 -0.010678 -0.859682 0.000000 0.967697 -0.252116 -0.121917 0.692041 -0.711488 0.064699 0.642997 -0.763131 0.000000 0.575311 -0.817935 -0.458930 0.001693 0.888471 1.000000 0.000000 0.000000 0.224710 -0.516007 -0.826585 0.305673 -0.001836 -0.952135 1.000000 0.000000 0.000000 1.000000 0.000000 0.000000 0.408347 -0.008022 0.912791 0.703608 0.000464 0.710588 1.000000 0.000000 0.000000 0.000000 -0.969296 -0.245897 -0.123885 -0.687354 -0.715679 -0.034955 -0.524317 -0.850806 0.000000 -0.570348 -0.821404 0.000000 0.492956 -0.870054 -0.088921 0.651231 -0.753652 0.057980 0.686416 -0.724894 0.000000 0.903347 -0.428911 0.000000 0.068822 -0.997629 -0.035824 0.042840 -0.998439 -0.013619 -0.484075 -0.874921 0.000000 -0.488106 -0.872784 1.000000 -0.000000 -0.000027 0.615572 -0.003886 -0.788071 0.458945 0.006323 -0.888442 1.000000 -0.000006 0.000071 0.000725 -0.000004 -1.000000 0.000223 -0.000005 -1.000000 0.992077 0.004160 -0.125561 1.000000 0.000012 0.000001 0.879613 0.016740 -0.475396 0.999999 0.000029 0.001392 1.000000 0.000000 -0.000062 
						0.615848 0.003886 -0.787855 -0.667267 -0.010579 -0.744744 0.000004 -0.000013 -1.000000 -0.507391 -0.015698 -0.861573 0.000000 -0.000003 -1.000000 1.000000 0.000000 0.000000 0.401065 0.008040 0.916014 0.060842 -0.682430 -0.728414 0.000000 -0.903857 -0.427834 0.526048 -0.000603 0.850455 1.000000 -0.000002 0.000165 0.999999 -0.000006 0.001263 1.000000 -0.000000 0.000045 0.000000 0.575311 -0.817935 -0.144421 0.383455 -0.912198 0.242388 0.273025 0.930970 1.000000 0.000000 0.000000 0.418728 0.000373 0.908112 0.998097 -0.043868 0.043339 0.995867 -0.019210 0.088764 0.392165 0.000642 0.919895 -0.349825 -0.000460 0.936815 -0.998507 0.012509 0.053179 -0.992424 0.040536 0.115979 -0.310268 -0.002383 0.950646 -0.379082 0.000438 -0.925363 -0.410427 0.000147 -0.911893 -0.995722 -0.011102 -0.091729 -0.997713 -0.050790 -0.044599 0.362062 -0.000884 -0.932154 0.998459 0.020745 -0.051474 0.993116 0.036675 -0.111245 0.322004 -0.002149 -0.946736 0.361172 0.005928 0.932480 0.904973 -0.351809 0.239277 0.349661 -0.008926 -0.936834 0.957288 0.252771 -0.140378 -0.346479 0.009852 -0.938006 -0.893643 -0.368055 -0.256784 -0.344680 -0.011121 0.938654 -0.933373 0.308768 0.182966 0.331542 0.024472 0.943123 0.809374 -0.412920 0.417624 0.343923 -0.022433 -0.938730 0.823772 0.413719 -0.387603 -0.312023 0.010989 -0.950011 -0.811293 -0.420441 -0.406243 -0.337259 -0.004315 0.941402 -0.827034 0.419295 0.374441 -0.334313 0.012995 -0.942373 -0.329901 0.093574 -0.939366 -0.342570 0.061297 -0.937491 -0.331986 -0.011252 0.943217 0.824488 -0.441083 -0.354494 0.338267 0.053723 -0.939516 0.359747 0.095638 -0.928135 0.826199 -0.420310 -0.375145 0.852562 0.397748 -0.339020 0.367541 -0.022873 -0.929726 0.351299 0.028083 0.935842 0.890250 -0.374553 0.259162 -0.878696 0.365234 0.307404 -0.994995 0.074825 0.066222 -0.374526 -0.001053 0.927216 
						0.391455 -0.000129 0.920197 0.997061 -0.047260 0.060293 0.397998 0.000138 -0.917386 0.975681 0.195232 -0.099651 -0.372507 0.000242 -0.928029 -0.923255 -0.318949 -0.214177 -0.990502 0.116392 -0.073204 0.421321 0.032115 0.906343 0.392110 0.018954 0.919723 0.429233 -0.044023 0.902120 0.366668 -0.024808 -0.930021 0.374879 0.052917 -0.925562 0.398090 -0.006992 -0.917319 -0.382948 0.049061 -0.922466 0.372554 0.005124 0.927996 0.405551 0.076410 0.910873 -0.356124 -0.046210 0.933295 0.382119 -0.087800 -0.919933 0.375347 -0.021045 -0.926646 0.394048 0.086059 -0.915052 0.370084 -0.044222 -0.927945 0.397804 0.103210 0.911647 -0.372901 -0.001076 -0.927870 0.367820 -0.106139 -0.923820 -0.345459 0.009186 0.938389 0.419020 -0.082448 0.904226 0.393340 0.051913 0.917926 0.415940 0.057066 0.907600 0.443107 -0.080717 0.892827 0.373963 -0.041926 -0.926495 0.396218 0.084904 -0.914222 -0.394560 0.034872 -0.918208 -0.868687 0.385060 -0.311629 -0.809336 0.400330 -0.429780 -0.354600 -0.019231 0.934820 -0.840819 -0.398977 0.365842 -0.862122 -0.390005 0.323484 -0.286163 0.150715 -0.946253 0.062410 -0.679519 0.730998 -0.328496 -0.052437 0.943049 -0.039411 -0.661874 0.748578 0.660563 0.264431 -0.702661 0.221565 -0.036193 -0.974474 0.562592 -0.087024 0.822142 0.514141 0.104089 0.851367 0.997524 -0.009297 0.069713 0.318001 0.003286 0.948085 -0.306773 0.004525 -0.951772 -0.997544 -0.022527 -0.066321 -0.637574 -0.005100 -0.770372 -0.997594 -0.027275 -0.063740 -0.458480 0.005574 -0.888687 -0.268357 0.002078 -0.963317 0.661284 -0.001547 0.750135 0.999480 0.024295 0.021219 0.457763 0.001910 0.889072 0.272078 0.002846 0.962271 0.998192 -0.002105 -0.060072 0.536337 0.001145 -0.844003 0.658393 0.001797 -0.752672 0.807779 0.000562 -0.589485 0.473367 -0.000705 -0.880865 0.105532 0.000241 -0.994416 -0.505137 0.001665 0.863038 
						-0.996402 0.023689 0.081380 -0.759033 0.000772 0.651052 -0.577811 0.000937 0.816170 -0.443283 -0.004628 0.896370 -0.061057 -0.000356 0.998134 0.738481 -0.667971 0.091981 0.697802 -0.716238 -0.008656 0.239901 0.092980 0.966335 -0.001377 -0.031603 0.999500 0.647916 -0.759372 -0.059665 0.474152 -0.845066 -0.247070 -0.136509 -0.057869 0.988947 -0.328581 -0.093472 0.939839 0.631739 0.772772 0.061063 0.639124 0.769016 -0.011568 -0.134423 0.050803 -0.989621 0.029300 -0.002643 -0.999567 0.739257 0.666842 -0.093914 0.543009 0.755994 -0.365533 0.237772 -0.094310 -0.966732 0.382782 -0.093492 -0.919096 0.409867 -0.057504 -0.910331 0.416046 -0.117793 -0.901682 -0.400047 -0.029966 0.916005 -0.397399 -0.024244 0.917326 0.444021 -0.003458 0.896010 0.632682 0.007733 0.774373 0.446475 0.029043 0.894325 0.632897 -0.006387 0.774210 0.354018 -0.025494 -0.934891 0.694595 0.334074 -0.637128 0.353032 -0.003203 -0.935606 0.296173 -0.076812 -0.952041 -0.448923 0.033670 -0.892936 -0.373922 0.194356 -0.906867 0.457065 0.044095 0.888340 0.803634 0.105245 0.585744 0.396431 -0.042782 -0.917067 -0.391101 -0.021199 0.920104 0.378482 -0.000838 0.925608 0.984295 -0.139817 0.107775 0.977241 -0.187918 0.098423 0.392035 -0.003806 -0.919942 0.978448 0.173102 -0.112587 0.982751 0.128561 -0.132939 -0.428034 0.023789 -0.903450 0.432721 0.036058 0.900806 0.414831 -0.061044 -0.907848 -0.402990 -0.033744 0.914582 0.377274 0.035014 0.925439 0.391289 -0.063199 0.918095 0.379074 0.016884 0.925212 0.425984 -0.170273 -0.888563 0.302339 0.043767 0.952195 0.372061 -0.153004 0.915511 0.467886 0.120504 -0.875535 0.377445 0.047177 -0.924829 0.372285 -0.004837 -0.928106 -0.272799 0.067398 -0.959707 -0.405976 0.037823 -0.913101 0.372730 0.200665 0.905983 0.420383 0.066383 0.904915 0.981815 -0.153747 -0.111359 0.456594 -0.824123 0.335176 
						0.445824 0.869658 0.211979 0.508333 -0.045391 0.859964 -0.877251 0.056627 0.476680 0.999788 -0.000527 0.020589 1.000000 -0.000009 -0.000224 0.510665 0.003759 -0.859771 0.998018 -0.001868 0.062898 1.000000 0.000008 0.000092 0.615763 0.004899 0.787916 0.991915 -0.029494 -0.123432 -0.990641 0.049626 0.127152 0.683102 0.718959 -0.128337 0.672432 0.684131 -0.282489 -0.672432 0.684131 0.282489 -0.683102 0.718959 0.128337 0.610100 0.626115 -0.485549 -0.610100 0.626115 0.485549 0.406177 0.559059 -0.722824 -0.406177 0.559059 0.722823 0.936011 0.113295 0.333237 1.000000 -0.000000 0.000000 1.000000 -0.000000 -0.000000 0.936011 -0.113295 0.333237 0.936011 -0.113295 -0.333237 0.936011 0.113295 -0.333237 -0.406177 0.559058 -0.722823 -0.610100 0.626115 -0.485549 0.610100 0.626115 0.485548 0.406177 0.559059 0.722823 -0.672431 0.684132 -0.282489 0.672432 0.684131 0.282489 -0.683101 0.718959 -0.128338 0.683101 0.718959 0.128338 -0.683171 0.730259 0.000000 0.683171 0.730259 0.000000 -0.683101 0.718959 0.128338 0.683101 0.718959 -0.128338 -0.672431 0.684131 0.282489 0.672431 0.684131 -0.282489 -0.610100 0.626115 0.485549 0.610100 0.626115 -0.485549 -0.406177 0.559059 0.722823 0.406178 0.559059 -0.722823 0.936011 -0.113295 0.333238 1.000000 -0.000000 -0.000000 1.000000 -0.000000 0.000000 0.936011 0.113295 0.333238 0.936011 0.113295 -0.333238 0.936011 -0.113295 -0.333238 0.406178 0.559059 0.722823 0.610100 0.626115 0.485548 -0.610100 0.626115 -0.485548 -0.406177 0.559059 -0.722823 0.672431 0.684132 0.282489 -0.672431 0.684132 -0.282489 0.683101 0.718959 0.128338 -0.683101 0.718959 -0.128338 0.683171 0.730259 0.000000 -0.683171 0.730259 -0.000000 0.775999 0.592821 0.215380 0.707617 0.694050 0.132566 1.000000 0.000000 -0.000000 0.871777 0.438176 0.219106 0.961766 0.236102 0.138790 
						1.000000 0.000000 0.000000 0.961766 -0.236103 -0.138790 0.871777 -0.438176 -0.219106 0.775999 -0.592821 -0.215382 0.707617 -0.694050 -0.132567 0.683171 -0.730259 0.000000 0.707616 -0.694050 0.132563 0.775999 -0.592822 0.215377 0.871777 -0.438181 0.219096 0.961765 -0.236101 0.138794 1.000000 0.000000 0.000000 0.961765 0.236101 -0.138794 0.871776 0.438181 -0.219096 0.775999 0.592822 -0.215377 0.707616 0.694050 -0.132563 0.683171 0.730259 -0.000000 0.707617 -0.694051 0.132562 0.775999 -0.592820 0.215384 1.000000 0.000000 0.000001 0.871777 -0.438179 0.219099 0.961766 -0.236108 0.138781 1.000000 -0.000000 -0.000000 0.961766 0.236108 -0.138782 0.871777 0.438179 -0.219099 0.775999 0.592821 -0.215382 0.707616 0.694052 -0.132554 0.683171 0.730259 0.000000 0.707617 0.694053 0.132550 0.775999 0.592825 0.215369 0.871777 0.438181 0.219096 0.961765 0.236103 0.138790 1.000000 -0.000000 0.000000 0.961765 -0.236103 -0.138790 0.871776 -0.438181 -0.219096 0.775999 -0.592825 -0.215369 0.707616 -0.694053 -0.132550 0.683171 -0.730259 -0.000000 0.184990 0.000171 0.982740 0.391704 0.002095 0.920089 0.395547 -0.003932 0.918437 0.189685 -0.002486 0.981842 0.632045 0.004509 0.774918 0.634447 -0.005677 0.772945 0.760275 -0.060432 0.646784 0.761817 0.059711 0.645034 -0.467155 -0.301068 0.831339 0.000000 -0.277995 0.960583 0.000000 -0.277995 -0.960583 0.467155 -0.301068 -0.831339 0.467156 -0.301068 0.831339 -0.467156 -0.301068 -0.831339 0.761816 0.059712 -0.645035 0.634448 -0.005678 -0.772945 0.632044 0.004508 -0.774919 0.760274 -0.060432 -0.646786 0.395545 -0.003931 -0.918438 0.391706 0.002096 -0.920088 0.189686 -0.002486 -0.981842 0.184989 0.000170 -0.982741 0.002486 -0.001244 -0.999996 -0.002486 -0.001244 -0.999996 -0.184991 0.000171 -0.982740 -0.189686 -0.002486 -0.981842 -0.391704 0.002095 -0.920089 
						-0.395547 -0.003932 -0.918437 -0.632045 0.004509 -0.774919 -0.634446 -0.005677 -0.772946 -0.760274 -0.060432 -0.646785 -0.761817 0.059712 -0.645035 -0.467156 0.301068 0.831339 0.000000 0.277994 0.960583 0.000000 0.277994 -0.960583 0.467156 0.301068 -0.831339 0.467156 0.301068 0.831338 -0.467156 0.301068 -0.831338 -0.761815 0.059712 0.645036 -0.634448 -0.005678 0.772945 -0.632043 0.004508 0.774920 -0.760274 -0.060432 0.646785 -0.395546 -0.003932 0.918438 -0.391705 0.002096 0.920088 -0.189686 -0.002486 0.981842 -0.184990 0.000170 0.982740 -0.002486 -0.001244 0.999996 0.002485 -0.001244 0.999996 0.928738 0.365487 0.062166 0.903587 0.426703 0.038152 1.000000 0.000000 -0.000000 0.961339 0.268117 0.062777 0.989064 0.142202 0.039133 1.000000 0.000000 0.000000 0.989064 -0.142202 -0.039134 0.961339 -0.268117 -0.062778 0.928738 -0.365487 -0.062167 0.903587 -0.426703 -0.038152 0.894247 -0.447575 0.000000 0.903587 -0.426702 0.038164 0.928738 -0.365486 0.062172 0.961339 -0.268122 0.062758 0.989064 -0.142201 0.039137 1.000000 0.000000 0.000000 0.989064 0.142201 -0.039137 0.961339 0.268122 -0.062758 0.928738 0.365486 -0.062172 0.903587 0.426702 -0.038164 0.894247 0.447575 -0.000000 0.903587 -0.426702 0.038167 0.928738 -0.365485 0.062176 1.000000 0.000000 -0.000000 0.961339 -0.268119 0.062767 0.989064 -0.142197 0.039150 1.000000 0.000000 0.000000 0.989064 0.142198 -0.039150 0.961339 0.268120 -0.062768 0.928738 0.365485 -0.062176 0.903587 0.426702 -0.038167 0.894247 0.447575 0.000000 0.903587 0.426702 0.038158 0.928738 0.365486 0.062170 0.961339 0.268117 0.062778 0.989064 0.142202 0.039134 1.000000 0.000000 -0.000000 0.989064 -0.142202 -0.039134 0.961339 -0.268117 -0.062778 0.928738 -0.365486 -0.062170 0.903587 -0.426702 -0.038158 0.894247 -0.447575 -0.000000 0.976563 0.068328 0.204099 
						0.947843 -0.010099 0.318577 0.218071 -0.024695 0.975620 0.698039 0.000280 0.716060 0.071914 0.042172 0.996519 0.943461 -0.057216 -0.326508 0.221844 0.038023 -0.974341 0.979894 0.014754 -0.198975 0.068803 -0.026636 -0.997275 0.697906 -0.000549 -0.716189 -0.090154 -0.049670 0.994688 -0.916821 0.057483 0.395139 -0.339028 0.021109 0.940539 -0.981576 -0.073498 0.176369 -0.099492 0.083227 -0.991552 -0.338898 -0.020680 -0.940596 -0.960626 -0.047390 -0.273773 -0.956910 0.065049 -0.283005 0.947859 0.038482 -0.316357 0.980080 -0.004750 -0.198546 0.980468 -0.020430 0.195617 0.947983 0.007091 0.318241 0.925648 0.078066 -0.370246 0.963515 -0.029602 0.266013 0.986049 -0.020982 -0.165125 0.962399 0.040636 0.268582 -0.127195 -0.022363 -0.991626 -0.137970 0.069466 -0.987997 -0.129411 0.035438 0.990958 -0.130001 -0.041555 0.990643 -0.061261 0.998114 0.004024 -0.018277 0.997376 0.070054 0.170823 0.984772 -0.032303 0.054646 0.987563 -0.147422 -0.898609 -0.182436 0.399023 -0.943001 -0.006273 0.332731 -0.194538 -0.013475 0.980802 -0.066625 -0.073805 0.995045 0.084868 -0.069096 -0.993994 0.299150 0.029078 -0.953763 0.894054 0.055825 -0.444467 0.969012 -0.122638 -0.214420 0.909956 0.175908 0.375549 0.299320 -0.029333 0.953702 0.943182 -0.085240 0.321157 0.075564 0.037427 0.996438 0.891504 -0.035937 0.451585 0.943040 0.015403 -0.332321 0.976727 0.034215 0.211742 0.944103 -0.111534 -0.310209 0.903013 -0.082870 -0.421546 0.981973 0.036707 -0.185421 0.953089 0.056618 0.297350 0.958382 -0.116506 0.260634 0.120426 -0.063985 0.990658 0.115766 -0.001280 0.993276 -0.206404 0.978144 -0.025151 0.052661 0.998600 0.004987 0.259668 0.646524 0.717342 0.976727 0.034215 0.211742 0.242639 -0.457657 0.855381 0.980468 -0.020431 0.195617 -0.201169 -0.043933 -0.978571 -0.198821 0.088622 -0.976021 -0.330229 -0.718377 -0.612278 
						-0.546836 0.725241 -0.418325 0.218706 -0.442676 -0.869601 0.275634 0.614376 -0.739303 0.944103 -0.111534 -0.310209 0.947859 0.038483 -0.316357 0.178635 -0.077221 -0.980880 0.539981 -0.780288 -0.315549 0.220131 0.063779 -0.973383 0.419856 0.840748 -0.341853 0.069456 0.013738 -0.997490 0.820147 0.335337 -0.463581 0.084060 -0.009243 -0.996418 0.807041 -0.411144 -0.423845 0.125557 0.417823 -0.899811 0.164240 -0.639766 -0.750816 0.976702 0.033487 -0.211970 0.980461 -0.019671 -0.195726 -0.071424 0.006535 -0.997425 -0.082513 -0.014172 -0.996489 -0.809064 0.471186 -0.351283 -0.891177 -0.350443 -0.288085 0.153680 -0.666699 0.729311 0.943816 -0.109365 0.311849 0.142477 0.469370 0.871431 0.947809 0.037113 0.316671 0.428765 0.000008 0.903416 0.965517 -0.010129 0.260144 0.158395 -0.002775 0.987372 0.958979 -0.008861 0.283338 0.428764 0.000041 -0.903416 0.158380 0.001512 -0.987377 0.973739 0.011714 -0.227365 0.957024 0.009100 -0.289867 0.584652 -0.802713 -0.117619 0.568031 -0.808484 -0.153932 0.577001 -0.798207 0.173019 0.570739 -0.799904 0.185501 -0.026658 0.000222 -0.999645 -0.026583 -0.000320 0.999647 0.277181 0.095044 0.956105 -0.401467 0.000139 -0.915874 -0.133428 -0.000159 -0.991058 -0.954468 0.012421 -0.298056 -0.946940 0.011159 -0.321217 -0.401466 -0.000201 0.915874 -0.968789 -0.014873 0.247440 -0.133433 0.001229 0.991057 -0.937467 -0.010701 0.347911 0.969011 -0.006524 -0.246931 0.954658 0.007560 0.297608 0.937648 -0.008977 -0.347470 0.947113 0.007940 0.320803 -0.014737 -0.000008 0.999891 -0.237122 -0.066467 0.969204 -0.014707 -0.000041 -0.999892 0.940283 -0.140147 0.310203 0.255037 -0.065961 -0.964679 0.962917 0.165666 -0.212946 -0.330149 0.001469 0.943928 -0.909919 0.087635 0.405422 -0.199545 0.001881 0.979887 -0.961718 0.010290 0.273849 -0.330489 -0.001479 -0.943809 -0.199536 -0.000907 -0.979890 
						-0.948712 -0.069563 -0.308393 -0.964204 -0.011090 -0.264928 0.635719 -0.758977 0.140764 0.557302 -0.717271 0.418255 0.928771 0.106532 -0.355014 0.955560 -0.048652 0.290754 0.961845 0.005977 -0.273530 0.964346 -0.006071 0.264573 -0.219537 0.042599 -0.974674 -0.874395 -0.218441 -0.433263 -0.960728 0.159119 0.227340 0.021272 -0.093567 -0.995386 0.189737 0.000437 -0.981835 0.828788 0.057083 -0.556643 0.959214 -0.013640 -0.282352 0.020491 0.093390 0.995419 0.894276 -0.109196 0.433988 0.189742 -0.001208 0.981833 0.953997 0.013505 0.299512 0.983331 0.047690 -0.175462 0.967622 -0.145511 0.206236 0.852244 -0.168173 -0.495377 0.959422 0.007157 -0.281885 0.921833 0.124367 0.367093 0.954215 -0.007886 0.299016 0.165375 -0.029738 0.985782 0.959165 0.048917 0.278584 0.165368 0.028943 -0.985807 0.918810 -0.033769 -0.393252 0.509727 -0.803837 -0.306634 0.594096 -0.800194 0.082090 0.056038 -0.000521 -0.998429 -0.441871 -0.000028 0.897079 0.055707 0.000727 0.998447 -0.035071 -0.055270 -0.997855 -0.932022 0.076558 -0.354223 -0.035152 0.056420 0.997788 -0.845231 -0.079052 0.528522 0.877072 -0.175808 -0.447030 0.941035 0.059907 0.332962 0.412303 0.000456 0.911047 0.030569 0.000008 0.999533 0.030387 0.000093 -0.999538 -0.947363 0.008700 0.320044 -0.130031 0.026524 0.991155 -0.976315 -0.111087 0.185657 -0.441872 -0.000134 -0.897078 -0.112541 -0.018291 -0.993479 -0.948966 -0.009379 -0.315240 -0.952823 0.097215 -0.287537 0.947474 0.006642 -0.319763 0.949092 -0.006945 0.314922 0.986246 -0.028618 -0.162787 0.964052 0.052571 0.260462 0.412306 -0.000316 -0.911046 0.057932 0.014540 -0.998215 0.925465 -0.009928 -0.378704 0.954249 -0.149500 -0.258958 0.937742 0.011642 0.347138 0.039078 -0.029797 0.998792 0.846672 0.176658 0.501934 0.925635 0.009245 -0.378305 0.975487 0.053066 -0.213561 0.937941 -0.008965 0.346678 
						0.935425 -0.195865 0.294307 0.107537 0.013735 0.994106 0.193650 -0.035943 0.980412 0.909323 -0.041159 0.414051 0.999712 -0.023920 0.002133 0.999730 0.022949 -0.003691 0.999999 0.000038 0.001545 0.999995 -0.000076 -0.003127 0.173306 0.061282 -0.982960 0.107779 -0.014870 -0.994064 -0.977615 0.061109 -0.201334 -0.275184 -0.032811 -0.960832 -0.872720 -0.031535 -0.487201 -0.044299 0.027491 -0.998640 -0.949040 -0.066082 0.308149 -0.935245 0.050548 0.350372 -0.242004 0.021605 0.970035 -0.043951 -0.026738 0.998676 0.954161 -0.036795 -0.297023 0.980630 0.017004 0.195132 0.938982 0.038177 -0.341841 0.876121 -0.056101 0.478817 0.954356 0.035169 -0.296594 0.955947 -0.022382 -0.292684 0.913555 0.054376 0.403063 -0.891064 0.050802 0.451026 -0.976842 -0.065821 0.203588 -0.946982 -0.043568 -0.318319 -0.943722 0.055185 -0.326104 0.898560 0.076748 -0.432088 0.949533 -0.029444 0.312282 0.980461 -0.019672 -0.195725 0.947809 0.037113 0.316671 -0.047725 0.991701 -0.119378 0.053899 0.988093 0.144108 0.930721 -0.095738 0.352977 0.914431 0.127676 0.384077 0.879477 -0.069081 -0.470902 0.976702 0.033487 -0.211970 0.940538 0.047452 0.336357 0.943816 -0.109366 0.311849 0.371047 0.420184 0.828112 0.027927 0.297899 0.954189 0.380380 -0.619534 0.686651 0.014744 -0.036163 -0.999237 0.406105 -0.561518 0.720955 0.335126 0.941569 -0.033734 0.027927 0.297898 0.954189 0.014744 -0.036163 -0.999237 0.403772 0.556817 -0.725895 0.029174 -0.411687 -0.910858 0.337111 -0.940915 0.032183 0.014970 -0.187488 0.982153 0.014970 -0.187701 0.982112 0.029173 -0.411485 -0.910950 0.378336 0.615269 -0.691597 0.372269 -0.426108 -0.824529 0.986049 -0.020981 -0.165125 0.981973 0.036704 -0.185422 0.962399 0.040636 0.268582 0.958382 -0.116510 0.260632 0.955560 -0.048648 0.290754 0.921833 0.124370 0.367092 0.928771 0.106527 -0.355015 
						0.852244 -0.168169 -0.495378 0.949533 -0.029441 0.312282 0.940538 0.047451 0.336358 0.236658 -0.834021 0.498400 0.159368 0.682176 0.713609 0.898560 0.076748 -0.432088 0.879477 -0.069083 -0.470901 0.174071 0.690487 -0.702087 0.237437 -0.850690 -0.468988 0.122430 0.829097 0.545536 0.085196 -0.718008 0.690801 0.093212 -0.692643 -0.715233 0.126497 0.881227 -0.455454 0.986246 -0.028620 -0.162787 0.975487 0.053065 -0.213561 0.166424 -0.640968 -0.749309 0.077945 0.678903 -0.730079 0.964052 0.052574 0.260461 0.935425 -0.195865 0.294307 0.131199 0.528357 0.838824 0.108342 -0.938146 0.328853 0.212167 -0.439254 0.872949 0.305622 0.459621 0.833873 0.220889 0.659966 -0.718090 0.253269 -0.314518 -0.914841 0.698068 0.009324 0.715971 0.891504 -0.035942 0.451584 0.980630 0.017000 0.195132 0.698068 0.009327 0.715971 0.697952 -0.012018 -0.716043 0.954161 -0.036791 -0.297023 0.697952 -0.012015 -0.716043 0.943040 0.015408 -0.332321 -0.042528 0.997428 0.057696 0.000129 0.999917 -0.012902 0.004110 0.996287 -0.085993 0.023453 0.999002 0.038021 -0.026175 0.993050 -0.114745 -0.003523 0.999907 -0.013175 0.117456 0.414282 0.902538 0.100461 -0.905568 0.412133 0.057210 -0.227075 0.972195 0.030548 -0.102391 -0.994275 0.119267 -0.441045 -0.889525 0.056800 0.162807 -0.985022 0.097896 0.901733 -0.421062 0.030569 -0.006794 0.999510 0.205113 -0.610375 0.765095 0.057210 -0.227074 0.972196 0.179072 0.974386 0.136034 0.030548 -0.102391 -0.994275 0.030569 -0.006794 0.999510 0.056800 0.162806 -0.985022 0.182995 -0.974346 -0.131009 0.203390 0.600872 -0.773037 0.921589 0.043457 -0.385728 0.877072 -0.175817 -0.447027 0.962157 -0.029502 0.270895 0.941035 0.059910 0.332962 0.913555 0.054380 0.403063 0.876121 -0.056100 0.478817 0.955947 -0.022385 -0.292683 0.938982 0.038175 -0.341841 
					</float_array>
					<technique_common>
						<accessor count="1663" offset="0" source="#meshId0-tangents-array" stride="3">
							<param name="X" type="float" />
							<param name="Y" type="float" />
							<param name="Z" type="float" />
						</accessor>
					</technique_common>
				</source>
				<source id="meshId0-bitangents" name="meshId0-bitangents">
					<float_array id="meshId0-bitangents-array" count="4989"> 
						0.184644 0.000000 0.982805 0.387311 -0.000000 0.921949 0.387311 0.000000 0.921949 0.184644 -0.000000 0.982805 0.622714 0.000000 0.782450 0.622714 -0.000000 0.782450 0.871787 0.000000 0.489884 0.871787 -0.000000 0.489884 -0.871787 0.000000 -0.489884 -1.000000 0.000000 0.000000 -1.000000 0.000000 0.000000 -0.871787 -0.000000 -0.489884 -0.871787 0.000000 0.489885 -0.871787 0.000000 0.489885 0.871787 0.000000 -0.489885 0.622713 0.000000 -0.782450 0.622713 -0.000000 -0.782450 0.871787 0.000000 -0.489885 0.387312 0.000000 -0.921949 0.387312 0.000000 -0.921949 0.184644 0.000000 -0.982805 0.184644 0.000000 -0.982805 0.000000 0.000000 -1.000000 0.000000 0.000000 -1.000000 -0.184645 -0.000000 -0.982805 -0.184645 0.000000 -0.982805 -0.387312 0.000000 -0.921949 -0.387312 0.000000 -0.921949 -0.622713 0.000000 -0.782450 -0.622713 0.000000 -0.782450 -0.871787 -0.000000 -0.489885 -0.871787 0.000000 -0.489885 -0.871787 -0.000000 -0.489885 -1.000000 0.000000 0.000000 -1.000000 0.000000 0.000000 -0.871787 -0.000000 -0.489885 -0.871787 0.000000 0.489885 -0.871787 0.000000 0.489885 -0.871787 0.000000 0.489885 -0.622713 0.000000 0.782450 -0.622713 -0.000000 0.782450 -0.871787 -0.000000 0.489885 -0.387312 -0.000000 0.921949 -0.387312 -0.000000 0.921949 -0.184645 0.000000 0.982805 -0.184645 -0.000000 0.982805 -0.000001 0.000000 1.000000 -0.000001 0.000000 1.000000 0.000001 -0.167697 0.985839 -0.000001 -0.089075 0.996025 0.000000 0.000000 1.000000 0.000001 -0.227966 0.973669 0.000002 -0.265369 0.964147 0.000000 -0.277994 0.960583 -0.000001 -0.265369 0.964147 -0.000000 -0.227966 0.973669 -0.000001 -0.167697 0.985839 0.000001 -0.089075 0.996025 0.000000 0.000000 1.000000 -0.000001 0.089075 0.996025 0.000001 0.167697 0.985839 0.000002 0.227966 0.973669 -0.000002 0.265370 0.964147 0.000000 0.277994 0.960583 
						0.000002 0.265370 0.964147 -0.000002 0.227966 0.973669 -0.000001 0.167697 0.985839 0.000001 0.089075 0.996025 0.000000 0.000000 1.000000 0.000006 -0.089077 -0.996025 0.000004 -0.167699 -0.985838 -0.000000 0.000000 -1.000000 -0.000007 -0.227964 -0.973670 0.000011 -0.265371 -0.964146 0.000000 -0.277994 -0.960583 -0.000011 -0.265371 -0.964146 0.000006 -0.227964 -0.973669 -0.000005 -0.167699 -0.985838 -0.000006 -0.089077 -0.996025 0.000000 0.000000 -1.000000 -0.000002 0.089074 -0.996025 -0.000002 0.167697 -0.985839 0.000003 0.227967 -0.973669 -0.000005 0.265369 -0.964147 -0.000000 0.277994 -0.960583 0.000005 0.265369 -0.964147 -0.000004 0.227967 -0.973669 0.000002 0.167697 -0.985839 0.000002 0.089074 -0.996025 0.000000 0.000000 -1.000000 0.005293 0.049870 0.998742 0.014635 0.362873 0.931724 0.095607 0.409212 0.907417 -0.005679 -0.030090 0.999531 -0.002964 0.051664 0.998660 -0.004923 0.095516 0.995416 -0.011676 0.054551 0.998443 -0.040784 0.303645 0.951912 -0.001012 0.003391 0.999994 -0.102483 0.272404 0.956710 -0.012704 0.999919 -0.000755 0.042128 0.998305 -0.040165 -0.043366 0.998491 0.033706 -0.022951 0.999729 -0.004015 -0.226571 0.065545 -0.971787 -0.501964 0.104760 -0.858521 -0.844642 0.030200 -0.534480 -0.782472 0.006276 -0.622654 -0.226543 0.061267 -0.972072 -0.560236 -0.031358 0.827739 -0.771178 0.005075 0.636599 -0.648344 -0.035981 0.760497 -0.423943 -0.029070 0.905222 -0.424169 -0.017929 0.905405 -0.971042 0.001814 -0.238902 -0.967941 0.001907 -0.251170 -0.995788 -0.000236 0.091689 -0.993314 -0.000300 0.115443 -0.913938 0.001004 0.405852 -0.913070 0.000995 0.407801 -0.530999 0.257056 -0.807442 -0.881745 0.426842 0.200827 -0.137017 0.066322 0.988346 -0.001489 0.095635 0.995415 -0.005584 0.350204 0.936657 -0.013782 0.885039 0.465313 -0.005825 0.384319 0.923182 -0.841281 -0.538752 0.044638 
						-0.464176 -0.297258 -0.834373 -0.175170 -0.112180 -0.978126 -0.983560 -0.151943 0.097585 -0.990938 -0.113011 0.072601 -0.970695 0.201966 -0.130232 -0.986507 0.136288 -0.090720 -0.889724 -0.384615 0.245892 -0.899586 -0.365958 0.238369 -0.107793 -0.833768 0.541490 -0.097016 -0.819877 0.564261 -0.737492 0.564761 -0.370339 -0.831306 0.455923 -0.317907 -0.013461 0.999908 0.001671 0.054972 0.997730 0.038905 -0.023589 0.999624 -0.013942 -0.022993 0.999722 0.005195 -0.997284 0.004482 -0.073515 -0.963262 0.016478 -0.268059 -0.988513 -0.008893 0.150874 -0.972095 -0.013778 0.234182 -0.879694 -0.027174 0.474763 -0.790823 -0.035368 0.611022 -0.918839 0.381135 0.102330 0.028067 0.967444 0.251525 -0.998400 0.054659 0.014510 -0.998535 0.052254 0.014050 -0.984461 -0.169681 -0.045227 -0.999924 -0.011922 -0.003179 -0.872035 -0.473442 -0.124122 -0.999637 -0.026074 -0.006826 -0.149187 -0.957361 -0.247392 -0.141013 -0.960419 -0.240230 -0.039598 0.978042 0.204613 -0.082629 0.878395 0.470738 -0.134819 0.924551 0.356411 -0.067812 0.981425 0.179462 0.030716 0.979841 0.197404 0.072054 0.875879 0.477120 0.084486 0.982277 0.167313 0.193749 0.891492 0.409516 0.033993 0.998236 0.048682 0.098212 0.985186 0.140584 0.562409 0.581711 0.587629 0.376109 0.836034 0.399487 0.040018 0.998317 0.041980 0.152911 0.975778 0.156447 -0.006367 0.999931 0.009916 -0.263438 0.864713 0.427636 -0.320613 0.798600 0.509358 -0.486179 0.449369 0.749464 -0.807185 -0.587401 0.058417 -0.361853 -0.263325 -0.894272 -0.223835 -0.162887 -0.960919 0.101767 0.990481 0.092683 0.063398 0.996316 0.057745 0.017128 0.999731 0.015611 -0.989460 0.001618 0.144799 -0.992599 0.001360 0.121426 -0.985853 -0.001194 -0.167606 -0.989237 -0.001009 -0.146318 -0.740780 0.011645 0.671647 -0.764162 0.011138 0.644928 -0.923206 0.005835 0.384260 -0.913991 0.006222 0.405686 
						-0.624274 -0.003887 -0.781196 -0.665178 -0.003638 -0.746676 0.019052 0.999813 0.003406 -0.008530 0.999962 -0.001528 -0.013649 0.999904 -0.002458 0.000409 1.000000 0.000057 0.048050 0.998726 0.015419 0.064502 0.997809 0.014691 0.032609 0.999440 0.007558 0.035215 0.999312 0.011645 -0.045627 0.998952 -0.003554 -0.013419 0.999906 -0.002841 -0.003037 0.999995 -0.000900 -0.001327 0.999999 -0.000400 0.003610 0.999992 0.001447 0.005395 0.999982 0.002655 0.059384 0.998063 0.018562 0.042979 0.999047 0.007667 -0.011246 0.999935 -0.001997 0.110548 0.993686 0.019177 -0.007136 0.999900 -0.012246 -0.007138 0.999906 -0.011726 0.111421 0.993586 0.019299 0.019554 0.999803 0.003392 -0.013116 0.999911 -0.002279 -0.028616 -0.999315 0.023468 0.095667 0.992319 -0.078431 -0.000338 1.000000 0.000267 -0.005536 0.999969 -0.005585 -0.001264 0.999999 -0.000648 0.005393 0.999982 0.002693 0.029108 0.999150 0.029206 0.688154 0.250952 0.680784 0.611297 0.222809 0.759389 0.283943 0.103538 0.953235 0.140505 0.051255 0.988752 0.058928 0.998079 0.019108 0.085468 0.994983 0.052003 0.057782 0.997733 0.034486 0.048157 0.998726 0.015050 -0.903251 -0.356032 0.239540 -0.271165 -0.106869 0.956582 -0.126977 -0.050033 0.990643 -0.981975 -0.120465 0.145650 -0.988745 -0.095359 0.115285 -0.988557 0.096081 -0.116291 -0.994869 0.064436 -0.077995 -0.687941 -0.463037 0.558869 -0.719404 -0.443182 0.534835 -0.908484 -0.266564 0.321869 -0.896612 -0.282399 0.341083 -0.659576 0.478616 -0.579557 -0.760679 0.413337 -0.500520 -0.126882 -0.951274 -0.281031 -0.019476 -0.998817 -0.044554 -0.017709 -0.999417 -0.029176 -0.131850 -0.967288 -0.216723 0.081200 -0.956700 -0.279521 0.013328 -0.998854 -0.045968 0.008156 -0.998218 -0.059109 0.046637 -0.940182 -0.337464 -0.051260 -0.941986 -0.331715 -0.008165 -0.998432 -0.055372 0.026097 0.999402 -0.022673 
						-0.045721 0.998948 -0.003405 -0.001400 0.999999 -0.000114 -0.011878 0.999873 0.010609 -0.499497 0.115608 -0.858567 -0.966034 0.223594 0.129554 -0.181822 0.042087 0.982430 -0.167200 -0.031415 0.985422 -0.364404 -0.025402 0.930895 -0.976098 0.012534 0.216971 -0.007119 0.999974 -0.000697 -0.033155 0.999173 -0.023553 -0.002068 0.999997 -0.001342 -0.005041 0.999987 0.001119 0.026552 0.999489 0.017804 -0.004544 0.999978 -0.004916 -0.013117 0.999911 -0.002395 0.017769 0.999813 0.007661 -0.007237 0.999973 -0.001130 -0.029670 0.999511 -0.009828 -0.013216 0.999900 -0.005095 0.003124 0.999995 0.000071 0.015816 0.999874 0.001282 -0.023433 0.999725 0.000656 -0.026004 0.999662 0.000526 -0.066623 0.997778 0.000798 -0.022506 0.999747 -0.000177 -0.054246 0.998527 0.000928 -0.022550 0.999746 0.000332 -0.051845 0.998655 0.001042 -0.018242 0.999834 0.000370 -0.051841 0.998655 0.001256 -0.051836 0.998654 0.001492 -0.015651 0.999877 0.000313 -0.021134 0.999777 0.000427 -0.017263 0.999851 0.000351 -0.012328 0.999924 -0.000244 -0.051845 0.998655 0.001041 -0.051845 0.998655 0.001041 -0.054139 0.998533 0.001090 0.526491 0.838190 0.142286 0.326633 -0.944065 0.045297 0.014068 0.998274 -0.057015 0.014068 0.998274 -0.057015 0.000000 0.000000 1.000000 -0.009964 0.999934 -0.005789 -0.018542 0.999828 -0.000978 -0.011526 0.999933 -0.000621 0.000068 1.000000 0.000004 -0.010101 0.999949 -0.000920 -0.015723 0.999875 -0.001430 0.099495 0.994900 0.016560 0.080757 0.996626 0.014624 0.009804 0.999951 0.001425 0.019716 0.999803 0.002176 -0.010606 0.999943 -0.001168 -0.016789 0.999859 -0.000419 -0.014225 0.999899 0.000284 -0.034009 0.999421 0.000685 -0.040738 0.999169 0.000824 0.066208 0.997781 0.007011 0.994330 -0.000600 0.106340 -0.014636 0.999892 -0.001104 -0.016245 0.999867 -0.001076 -0.031706 0.999496 -0.001671 
						-0.017459 0.999846 -0.001716 -0.056149 0.998421 0.001720 -0.065900 0.997826 0.000959 -0.090654 0.995881 0.001780 -0.084908 0.996387 0.001782 -0.015364 0.999882 -0.000985 -0.003885 0.999992 -0.000302 0.000263 1.000000 0.000025 -0.022314 0.999749 -0.001855 -0.425452 0.902537 -0.066460 -0.021278 -0.999740 -0.008211 -0.019820 0.999803 -0.000959 -0.043874 0.999029 -0.004101 -0.051717 0.998659 -0.002266 -0.033527 0.999437 -0.001397 -0.037655 0.999290 -0.001024 -0.054664 0.998504 -0.001053 -0.066211 0.997797 -0.004211 -0.034356 0.999409 -0.001411 -0.046641 0.998909 -0.002466 -0.044101 0.999021 -0.003381 -0.041854 0.999121 -0.002275 -0.851040 -0.519366 -0.077391 -0.015643 0.999877 -0.000872 -0.018963 0.999820 -0.001115 -0.017848 0.999839 -0.001751 -0.075449 0.997139 -0.004612 -0.030893 0.999522 0.000969 -0.058956 0.998259 0.001826 -0.050068 0.998745 0.001212 -0.025885 0.999665 0.000621 -0.062575 0.998034 -0.003663 -0.053926 0.998545 -0.000956 -0.050976 0.998700 0.000105 -0.996165 -0.084333 -0.023316 -0.229176 0.973054 -0.025390 -0.591725 0.803632 -0.063539 -0.052444 0.998623 -0.001405 -0.052799 0.998601 -0.002946 -0.035348 0.999375 0.000817 -0.028630 0.999590 0.000600 -0.015565 0.999879 0.000313 -0.031714 0.999497 0.000642 -0.042027 0.999116 0.000697 0.182457 -0.981532 0.057482 0.015940 0.999872 0.001123 0.121958 0.992431 0.014395 0.271668 0.961577 0.039564 0.051424 -0.998400 0.023536 0.145637 0.989334 -0.002952 0.156223 0.987717 -0.003163 0.044644 0.999003 -0.000908 0.105276 0.994172 -0.023224 0.048537 0.998453 0.027134 0.018094 0.999834 0.002208 -0.011418 0.999934 -0.001352 -0.213814 -0.975157 -0.057896 -0.055941 0.998433 0.001132 -0.143048 0.989712 0.002881 0.234012 0.965491 0.114301 0.103033 0.993404 0.050324 0.015069 0.999859 0.007358 -0.189324 -0.974924 0.116960 -0.310915 0.930833 0.192046 
						-0.067496 0.996848 0.041682 -0.022214 0.999750 -0.002637 -0.043341 0.998203 0.041393 0.006574 0.999962 -0.005642 -0.005699 0.999983 -0.000980 0.015066 -0.999731 -0.017644 0.015068 -0.999788 0.014053 0.015068 -0.999845 -0.009111 -0.018102 0.999795 0.009032 -0.016218 0.999836 0.008090 -0.038641 0.999071 0.019061 -0.016694 0.999827 0.008241 -0.052433 0.998305 0.025275 -0.260957 0.957124 0.125759 -0.004944 0.999988 0.000094 -0.002298 0.999997 0.000041 0.027577 0.999620 -0.000566 -0.004859 0.999988 0.000095 0.027576 0.999620 -0.000564 -0.004919 0.999988 0.000097 0.027576 0.999619 -0.000566 -0.004969 0.999988 0.000101 0.027576 0.999619 -0.000566 -0.005016 0.999987 0.000109 0.027576 0.999619 -0.000565 -0.005063 0.999987 0.000108 0.027576 0.999619 -0.000558 -0.004109 0.999992 0.000103 0.033836 0.999427 -0.000804 -0.001269 0.999999 0.000068 0.053060 0.998589 -0.002038 -0.012563 0.999920 0.001065 -0.013058 0.999911 0.002670 -0.041453 0.998956 0.019218 -0.580113 0.789279 0.201267 -0.276976 0.959600 0.049517 -0.041514 0.999128 0.004439 -0.049927 0.998748 0.003102 -0.013427 0.999903 0.003702 -0.013093 0.999914 0.000265 -0.018342 0.999831 0.001162 -0.026414 0.999645 0.003396 -0.033380 0.999420 0.006708 -0.166301 -0.985142 0.042885 -0.137270 -0.990167 0.026963 -0.020572 0.999782 0.003568 -0.003756 0.999993 0.000573 -0.003731 0.999993 0.000402 -0.009730 0.999952 0.001140 -0.024280 0.999702 0.002580 -0.263631 0.963829 0.039151 -0.089751 -0.995871 0.013659 -0.011251 0.999937 0.000226 -0.007172 0.999974 0.000145 -0.016056 0.999871 0.000976 -0.007466 0.999972 0.001069 0.019994 0.999799 -0.001446 0.022967 0.999734 -0.002282 0.010982 0.999939 -0.001288 0.014674 0.999891 -0.001397 -0.010111 0.999948 0.001276 -0.027247 0.999623 0.003490 -0.020985 0.999777 0.002462 -0.013487 0.999908 0.001210 
						-0.005874 0.999983 0.000606 -0.012017 0.999927 0.001190 0.000410 1.000000 -0.000011 -0.013704 0.999906 0.000277 0.023072 0.999728 -0.003556 -0.000390 1.000000 0.000041 0.013773 0.999894 -0.004643 0.812190 -0.560818 -0.160720 0.014251 0.999897 -0.001397 0.532595 0.843039 -0.075017 0.035715 0.999362 -0.000449 0.032747 0.999463 -0.001034 0.038140 0.999270 -0.002170 0.023409 0.999724 -0.001977 0.048580 0.998805 -0.005273 0.053478 0.998558 -0.004688 -0.005423 0.999985 0.000397 0.019191 -0.999811 -0.002954 0.053147 0.998568 -0.006067 0.002242 0.999997 -0.000186 0.005551 0.999985 -0.000086 0.003676 0.999993 -0.000058 0.004910 0.999988 -0.000353 0.024931 0.999688 -0.001566 0.044512 0.999008 -0.001549 0.997175 0.054750 -0.051422 0.725715 -0.679259 -0.109293 0.245729 -0.969006 -0.025370 0.031122 0.999516 -0.000085 -0.005667 0.999984 0.000822 -0.019070 0.999817 0.001735 -0.014388 0.999896 0.000820 -0.026417 0.999649 0.001930 -0.073562 0.997245 0.009532 -0.124462 0.991416 0.040055 -0.036474 0.999258 0.012408 -0.135846 0.990415 0.024992 -0.018490 0.999713 0.015238 -0.152193 0.981952 0.112280 -0.093250 0.919863 0.380994 -0.035462 0.783219 0.620733 -0.022236 0.999752 -0.000929 -0.507236 0.851015 0.135963 -0.007636 0.999970 0.000944 -0.922557 0.385407 0.018712 0.000000 0.000000 1.000000 0.014558 0.987533 0.156736 0.014558 0.987533 0.156736 0.019979 -0.999795 -0.003406 -0.020679 -0.999778 0.004097 0.171975 0.984271 -0.040444 -0.140363 -0.989879 0.020942 0.001088 -0.999967 -0.008001 -0.000662 -0.999993 0.003573 -0.000330 -0.999998 -0.002163 -0.000689 -0.999989 -0.004673 0.002055 -0.999989 0.004199 0.000201 -1.000000 0.000482 0.013817 -0.999780 0.015785 0.003785 -0.999978 0.005460 0.029925 -0.999181 0.027219 0.005087 -0.999972 0.005474 0.002300 -0.999990 -0.003762 -0.005652 -0.999958 0.007242 
						-0.009609 -0.999803 0.017358 0.006366 -0.999838 -0.016837 0.007488 -0.998219 -0.059176 -0.008132 -0.998432 -0.055378 -0.018992 -0.998816 -0.044780 -0.017305 -0.999409 -0.029695 0.012818 -0.998836 -0.046509 -0.384136 0.199610 -0.901441 -0.872536 0.453399 0.181965 -0.186265 0.096789 0.977720 -0.497891 0.583555 0.641536 -0.094863 0.987954 0.122259 -0.016405 0.999641 0.021169 -0.243061 -0.961272 -0.129912 -0.398987 0.891803 -0.213301 -0.071013 0.996752 -0.037981 0.035598 -0.994897 -0.094405 0.038475 -0.989641 -0.138313 0.016888 -0.991641 -0.127919 0.016663 -0.996231 -0.085129 -0.011589 -0.996872 -0.078175 -0.017698 -0.992714 -0.119184 -0.043875 -0.993893 -0.101253 -0.032210 -0.997390 -0.064613 -0.007693 -0.998615 -0.052048 -0.001171 -0.999969 -0.007836 -0.001522 -0.999993 -0.003541 -0.018222 -0.998941 -0.042235 0.017221 -0.997948 -0.061665 0.005369 -0.999797 -0.019442 0.001525 -0.999929 -0.011833 0.007487 -0.998356 -0.056824 0.000517 -0.999999 0.000898 -0.019651 -0.999250 -0.033376 -0.050870 -0.995008 -0.085856 -0.033979 -0.998223 -0.048948 0.009508 -0.997818 0.065330 0.002284 -0.999874 0.015698 0.007906 -0.999841 0.015969 0.028029 -0.998020 0.056304 -0.004208 -0.999929 0.011121 0.005527 -0.999879 -0.014546 -0.001801 -0.999957 0.009098 -0.011307 -0.998329 0.056676 0.007505 -0.999913 0.010833 0.024982 -0.999039 0.036025 -0.004186 -0.999926 0.011414 -0.007154 -0.999241 0.038290 -0.143567 -0.374363 -0.916101 0.005998 -0.999105 0.041860 0.015683 -0.999345 0.032599 -0.017802 -0.999492 -0.026428 0.022445 -0.985177 -0.170069 -0.024398 -0.985951 -0.165242 -0.059729 -0.988543 -0.138620 -0.055300 -0.993902 -0.095400 0.040327 -0.988098 -0.148443 0.042666 -0.988342 -0.146149 0.053595 -0.981417 -0.184253 0.032540 -0.970887 -0.237316 0.023420 -0.985175 -0.169944 -0.035368 -0.970986 -0.236505 -0.025652 -0.985953 -0.165042 -0.062261 -0.988546 -0.137480 
						-0.089342 -0.975141 -0.202777 -0.098934 -0.981739 -0.162481 -0.057146 -0.993960 -0.093685 0.100716 0.991762 -0.079148 0.011299 0.999897 -0.008881 -0.000338 1.000000 0.000264 -0.077054 0.996534 0.031336 -0.079083 0.996089 0.039411 -0.118717 0.991189 0.058735 -0.085897 0.995705 0.034556 -0.028712 0.999485 0.014310 -0.014448 0.999869 0.007267 -0.016198 0.999836 0.008140 -0.052251 0.998294 0.026037 -0.023423 0.999681 0.009425 -0.026172 0.999602 0.010528 -0.012968 0.999902 0.005219 0.010106 0.999941 -0.004062 -0.029224 0.999498 0.012194 0.011123 0.999927 -0.004654 -0.917462 0.085071 0.388622 -0.038183 0.999093 0.018857 -0.126502 0.989993 0.062542 -0.032255 0.999352 0.015961 -0.144865 0.986859 0.071578 -0.199625 0.974619 0.101333 -0.124242 0.990245 0.063082 0.209235 0.968488 0.135100 0.026864 0.999488 0.017402 0.016501 0.999807 0.010691 0.097140 0.993294 0.062698 0.090864 0.994030 0.060408 0.090179 0.994349 0.056012 -0.007161 0.999967 -0.003725 0.161356 0.980771 0.109784 0.160100 0.981067 0.108980 0.093217 0.993837 0.059996 0.165117 0.980501 0.106556 0.091516 0.994051 0.059050 0.036947 0.999035 0.023755 0.032495 0.999235 0.021750 -0.000876 0.999999 -0.000580 -0.007180 0.999963 -0.004833 0.016181 0.999811 0.010818 0.085248 0.994991 0.052219 0.057575 0.997724 0.035097 0.091058 0.993912 0.062022 0.036536 0.999023 0.024851 0.365740 -0.648564 -0.667533 0.237465 -0.421013 -0.875419 0.002911 -0.004978 -0.999983 -0.364506 -0.018465 0.931018 -0.069172 -0.032541 0.997074 -0.965901 0.029286 0.257249 0.464478 0.826209 -0.318808 0.145600 0.984283 -0.099943 0.048415 0.998274 -0.033239 0.293059 -0.144821 -0.945063 0.516895 -0.255435 -0.817052 0.658559 -0.325452 -0.678514 0.598854 -0.295962 -0.744164 -0.274622 0.118800 0.954185 -0.917754 0.396948 0.012602 -0.166742 0.072099 -0.983361 
						-0.938347 -0.306590 0.159712 -0.378614 -0.123707 0.917250 -0.179720 -0.058722 0.981964 0.006924 0.999976 0.000566 0.000900 1.000000 0.000073 0.000000 1.000000 -0.000005 0.005648 0.999984 -0.000000 0.000000 -0.934125 -0.356946 0.000000 -0.998875 -0.047425 0.000000 -0.998695 -0.051074 0.000000 -0.884988 -0.465613 -0.016763 0.999860 -0.000000 0.000000 1.000000 -0.000002 -0.003850 0.999993 -0.000295 -0.057631 0.998331 -0.003765 0.000000 0.957807 -0.287412 -0.000000 0.999040 -0.043815 0.000000 0.998970 -0.045380 0.000000 0.893097 -0.449863 0.000000 0.999941 -0.010819 -0.000000 0.999745 -0.022582 0.000000 0.999745 -0.022567 0.000000 0.999997 0.002396 -0.065260 0.997858 0.004507 -0.041683 0.999127 0.002799 -0.013113 0.999914 -0.000003 -0.000230 1.000000 -0.000000 0.017157 0.999853 -0.000004 0.000000 1.000000 -0.000001 0.006101 0.999981 0.000441 0.057967 0.998311 0.003877 -0.005451 0.999985 -0.000460 -0.002342 0.999997 -0.000195 0.000000 1.000000 -0.000000 -0.005633 0.999984 -0.000000 -0.018064 0.999837 0.000010 0.001266 0.999999 0.000001 0.019434 0.999810 0.001316 -0.006926 0.999976 -0.000561 0.000000 0.830227 0.557425 0.000000 0.799016 0.601310 -0.582846 0.648585 0.489518 -0.461168 0.814359 0.352339 0.067544 0.997705 -0.004832 0.033987 0.999420 -0.002232 0.012977 0.999916 -0.000000 -0.002455 0.999997 -0.000001 -0.022491 0.999745 0.002253 0.001611 0.999999 -0.000148 -0.020121 0.999798 -0.000001 -0.033542 0.999437 0.000015 -0.018037 -0.997201 -0.072566 0.000000 -0.830227 -0.557425 -0.000000 -0.904417 -0.426649 -0.025510 -0.993280 0.112886 -0.004841 0.999988 0.000400 0.014242 0.999899 0.000067 0.045693 0.998949 -0.003733 0.019948 0.999799 -0.001905 0.026555 0.999647 0.000140 0.031511 0.999503 0.000302 -0.029247 0.999572 0.000137 -0.030370 0.999535 -0.002747 0.172750 -0.916043 0.361971 
						-0.213780 -0.864108 0.455649 0.000000 -0.785623 0.618705 0.209170 -0.809795 0.548161 -0.203805 -0.820632 0.533879 -0.000000 -0.720576 0.693376 -0.034067 0.999419 0.000362 -0.058122 0.998299 -0.004537 -0.043036 0.999066 0.003944 -0.037236 0.999306 -0.000014 0.069229 0.997584 -0.005860 0.064891 0.997883 -0.004257 0.030147 0.999545 0.000268 0.021664 0.999765 0.000118 -0.054149 0.998522 0.004615 -0.032625 0.999468 -0.000011 -0.032585 0.999469 0.000337 -0.071377 0.997439 -0.004549 -0.022904 0.999738 0.000136 -0.104533 0.994481 -0.008998 -0.899567 0.419491 0.121678 -0.999502 0.029351 0.011608 -0.998793 0.037317 0.031947 -0.999207 -0.030167 -0.025988 -0.999683 -0.023286 -0.009566 -0.058085 0.998300 0.004904 -0.021741 0.999764 -0.000029 0.015240 0.999884 -0.000006 0.015240 0.999884 -0.000010 -0.907377 0.420319 -0.000025 -0.474866 0.865893 0.157264 -0.929037 -0.360962 -0.081215 -0.661840 -0.749645 0.000003 -0.953962 0.294474 -0.056931 0.660176 0.744342 0.100609 0.039764 0.999203 -0.003537 0.019398 0.999812 -0.000017 0.760915 0.648554 -0.019626 0.032076 0.999485 -0.000015 0.029254 0.999572 0.000037 0.027298 0.999624 0.002699 0.042951 0.999069 0.003952 0.028870 0.999583 -0.000016 0.057240 0.998348 0.004945 -0.907376 0.420320 0.000020 -0.661840 -0.749646 0.000010 -0.789817 -0.613343 0.000004 -0.971232 -0.238137 -0.000023 -0.993344 0.115187 0.000001 -0.024632 0.999697 0.000002 0.019070 0.999818 0.000049 0.003441 0.999994 0.000298 -0.000635 1.000000 -0.000001 -0.023022 0.999734 -0.001625 -0.956120 0.292682 0.013090 -0.195078 0.979809 0.043808 -0.989377 0.145225 0.006500 -0.999372 -0.035396 -0.001621 -0.927186 -0.374225 -0.016773 -0.763212 -0.645502 -0.028894 -0.003935 0.999992 -0.000009 -0.000423 1.000000 -0.000000 -0.006756 0.999977 -0.000000 0.000000 1.000000 -0.000004 -0.001428 0.999999 0.000116 
						-0.023026 0.999733 0.002005 0.039177 0.999225 -0.003682 -0.003075 0.999995 0.000221 0.000000 1.000000 0.000000 -0.001909 0.999998 0.000170 -0.018339 -0.078676 0.996732 -0.016075 0.068184 0.997543 0.057535 -0.227946 0.971972 -0.060133 -0.239254 0.969093 -0.048194 0.998838 0.000491 -0.011113 0.999938 0.000014 -0.012363 0.999924 -0.000028 -0.049591 0.998763 0.003545 0.047344 0.998871 -0.003852 0.098734 -0.969537 0.224165 -0.133915 -0.942535 0.306095 -0.060778 -0.988572 0.137951 0.071962 -0.983629 0.165215 -0.105975 -0.963079 0.247482 0.121749 -0.951867 0.281292 0.247291 -0.742273 0.622799 -0.281943 -0.556325 0.781672 -0.163645 -0.824731 0.541331 0.181376 -0.798669 0.573786 -0.051302 0.998672 -0.004800 -0.026869 0.999636 0.002303 -0.051090 0.998688 0.003601 -0.045928 0.998936 -0.004302 -0.051713 0.998653 -0.004205 0.046829 0.998900 -0.002371 0.016209 0.999869 0.000104 -0.042725 0.999085 -0.002153 0.039612 0.999212 0.002604 0.040240 0.999186 0.002861 0.014610 0.999893 -0.000066 0.012892 0.999917 -0.000022 0.046257 0.998924 0.003480 0.004192 0.999991 0.000006 -0.018266 0.999833 0.000148 -0.015000 0.999887 0.000072 0.012328 0.999924 0.000017 0.017620 0.999845 -0.000093 0.013187 0.999913 -0.000069 0.008233 0.999966 0.000001 -0.016223 0.999868 -0.000062 -0.005820 0.999983 -0.000011 -0.012130 0.999926 -0.000021 -0.017804 0.999842 0.000094 0.009559 0.999954 -0.000007 0.011456 0.999934 0.000042 -0.013759 0.999905 0.000073 -0.008647 0.999963 -0.000006 0.153330 -0.550034 0.820946 -0.194859 -0.736953 0.647248 0.058287 0.310635 0.948740 -0.059409 0.308076 0.949505 -0.048049 0.998840 0.003106 0.124445 0.992226 0.000746 0.321909 0.946758 0.004843 0.600256 0.799758 -0.008943 0.495305 0.868635 -0.012093 0.070047 0.997544 -0.000371 -0.121071 0.992643 -0.000760 -0.318578 0.947884 -0.004830 
						-0.601762 0.798627 0.008792 -0.499365 0.866306 0.012229 -0.067701 0.997706 0.000327 -0.000619 1.000000 -0.000001 0.000000 1.000000 -0.000002 -0.000822 1.000000 -0.000003 0.000000 0.934125 0.356946 0.000000 0.884988 0.465613 0.000000 -0.999913 -0.013197 0.000000 -0.999919 -0.012694 0.003862 0.999992 -0.000009 0.000000 1.000000 -0.000000 -0.003852 0.999993 -0.000000 0.065574 0.997832 0.005649 -0.956120 0.292684 0.013047 -0.763213 -0.645499 -0.028942 -0.863101 -0.504526 -0.022574 -0.996843 -0.079325 -0.003487 -0.998181 0.060219 0.002697 -0.308040 0.950461 0.041664 -0.058241 0.976715 0.206483 0.139391 0.884286 0.445655 -0.058023 0.985540 -0.159200 0.076044 0.973493 -0.215704 0.000000 0.977624 -0.210361 0.050374 0.985213 -0.163761 0.062666 0.981539 0.180707 -0.172196 0.919184 0.354188 0.094384 0.624390 0.775389 -0.125762 0.747876 0.651817 0.000647 1.000000 0.000000 0.003609 0.999993 -0.000276 0.001869 0.999998 -0.000156 0.000000 0.781008 -0.624521 -0.000011 0.755037 -0.655682 -0.059947 0.975049 -0.213742 -0.000019 0.815849 -0.578266 -0.000020 0.879541 -0.475823 0.013078 0.998695 -0.049365 0.080474 0.981664 0.172801 -0.120878 0.957731 0.261037 0.184064 0.897210 0.401416 -0.193517 0.885190 0.423072 0.194420 0.880206 0.432941 -0.185670 0.890712 0.414920 0.237542 0.796097 0.556600 -0.259070 0.739780 0.620974 -0.011706 0.999931 -0.001014 0.011952 0.999928 0.001019 0.041328 0.999146 0.000280 0.048457 0.998824 -0.001459 0.000811 1.000000 -0.000004 0.003843 0.999993 -0.000000 -0.015265 0.999883 0.000000 -0.049443 0.998776 -0.001328 0.220112 0.744111 0.630753 -0.240530 0.627484 0.740546 0.000005 -0.999970 -0.007779 -0.000002 -0.999644 -0.026684 0.000005 -0.999744 -0.022607 -0.000038 -0.999645 -0.026648 0.000000 -0.903857 -0.427834 -0.000000 -0.848303 -0.529511 0.000000 -0.999996 0.002690 
						0.000000 -0.999997 0.002290 0.000000 -0.999999 0.001119 -0.000000 -1.000000 0.000910 0.000000 -0.961699 -0.274107 0.000000 -0.969296 -0.245897 -1.000000 0.000000 0.000000 -0.602576 0.797998 -0.010122 -0.349581 0.894998 0.277075 -1.000000 0.000000 0.000000 0.006281 0.999980 0.000000 0.015240 0.999884 0.000009 0.015240 0.999884 -0.000005 0.004868 0.999988 -0.000022 0.015246 0.999884 -0.000010 0.011790 0.999930 -0.001060 -0.006551 0.999973 0.003183 0.015240 0.999884 0.000003 -0.015240 0.999884 0.000005 -0.015240 0.999884 0.000013 0.000003 0.999790 0.020505 0.000001 0.999645 0.026657 0.000000 -0.999693 -0.024765 0.000001 -0.999640 -0.026818 0.002084 0.999998 -0.000000 0.000000 0.999922 0.012485 -0.000008 0.999993 0.003624 0.000022 0.999912 0.013295 -0.000001 0.999923 -0.012421 -1.000000 0.000000 0.000000 -0.209496 -0.718628 -0.663088 -0.570517 -0.603593 -0.556943 -1.000000 0.000000 0.000000 0.003689 0.999993 -0.000000 0.000000 0.903347 -0.428911 -0.000000 0.848279 -0.529550 0.000000 0.999998 -0.001929 0.000000 0.999999 -0.001642 0.000000 0.999966 0.008228 0.000000 0.999961 0.008788 0.000000 1.000000 -0.000653 0.000000 1.000000 -0.000803 -1.000000 0.000000 0.000000 -0.206209 0.723323 -0.659000 -0.575768 0.706409 -0.411676 -1.000000 0.000000 0.000000 -1.000000 0.000000 0.000000 -0.342962 0.690362 0.637007 -0.217102 0.717407 0.661962 -1.000000 0.000000 0.000000 -1.000000 0.000000 0.000000 -0.601175 -0.799016 -0.012714 -0.356837 -0.815034 0.456495 -1.000000 0.000000 0.000000 -0.000000 -0.999984 0.005628 0.000000 -0.999988 0.004931 -0.000010 -0.999975 -0.007122 -0.000006 -1.000000 0.000385 -0.015221 0.999884 -0.000015 -0.015266 0.999883 -0.000009 0.000021 -0.999457 -0.032952 0.000012 -0.999645 -0.026656 0.000125 -0.999389 -0.034960 0.000066 -0.999645 -0.026651 -0.000000 0.999984 0.005639 
						0.000000 0.999988 0.004932 -0.028532 0.999528 0.011365 -0.015240 0.999884 -0.000013 -0.030941 0.999521 0.000009 -0.015240 0.999884 -0.000003 0.000000 -0.999966 0.008210 0.000000 -0.999961 0.008777 -0.222580 -0.720667 0.656580 -1.000000 0.000000 0.000000 0.000011 1.000000 0.000702 0.000000 0.999923 0.012443 -0.000011 0.999911 0.013310 -0.000000 0.999911 0.013339 -1.000000 0.000000 0.000000 -0.555715 -0.794186 -0.245865 -0.000000 0.959586 -0.281417 0.000000 0.967697 -0.252116 0.014810 0.999864 -0.007240 0.045750 0.998008 -0.043441 0.021127 0.999562 -0.020704 0.007702 0.999962 -0.003981 0.003510 0.999992 0.001802 0.013191 0.999835 0.012495 0.045691 0.998067 0.042136 0.017208 0.999819 0.008123 -0.004795 0.999985 0.002437 -0.014516 0.999872 0.006695 -0.012214 0.999858 0.011570 -0.052955 0.997405 0.048779 -0.007165 0.999967 -0.003732 -0.021873 0.999531 -0.021445 -0.041264 0.998378 -0.039230 -0.014148 0.999875 -0.007082 0.128463 0.990129 -0.056051 0.421053 0.821346 -0.384844 -0.147374 0.986981 -0.064410 -0.281866 0.924037 -0.258278 -0.144047 0.987526 0.063580 -0.444419 0.805347 0.392311 0.157817 0.985011 0.069622 0.352991 0.881923 0.312424 0.238458 0.965032 -0.108867 0.584713 0.633150 -0.507181 -0.259714 0.958442 -0.118055 -0.564367 0.663277 -0.491481 -0.223415 0.971044 0.084611 -0.581789 0.649133 0.490049 0.253065 0.962766 0.095074 0.559274 0.681017 0.472682 -0.175949 0.981465 0.075953 -0.196055 0.966588 0.165140 -0.159278 0.979635 0.122254 0.152932 0.986058 0.065590 0.562832 0.704125 0.432930 0.138487 0.984657 0.106166 0.219926 0.958014 0.183960 0.560507 0.680391 0.472123 -0.519770 0.713022 -0.470573 -0.176006 0.979921 -0.093687 0.183354 0.978132 -0.098180 0.452045 0.796246 -0.402054 0.473765 0.746291 0.467543 0.079354 0.994482 0.068625 -0.041267 0.999027 -0.015534 
						0.038026 0.999148 -0.016036 0.050138 0.997628 -0.047158 -0.014327 0.999879 -0.006065 -0.211893 0.956431 -0.200848 0.009805 0.999945 -0.003674 -0.379104 0.846728 0.373272 0.123782 0.986612 -0.106185 -0.119441 0.992633 0.020350 0.030542 0.998968 -0.033609 -0.086813 0.992176 0.089724 0.119335 0.992641 0.020570 0.090287 0.991540 0.093258 -0.011489 0.999855 -0.012607 0.201487 0.978982 -0.031578 -0.007806 -0.999932 0.008655 -0.150913 -0.977228 0.149168 -0.214450 0.976160 -0.033498 0.163702 -0.973301 0.160892 0.032973 -0.998806 0.036039 0.154170 0.975311 0.158116 0.205133 0.978101 0.035200 -0.213254 -0.956036 0.201291 0.254302 0.961590 -0.103316 0.204128 -0.960017 0.191571 -0.240036 0.965823 -0.097822 -0.158368 0.973967 0.162195 -0.214341 0.976071 0.036646 -0.222308 0.974129 0.040632 -0.161503 0.972455 0.168070 0.196644 0.979849 0.035031 0.146727 0.977063 0.154331 0.318933 0.942352 -0.101259 0.492554 0.738320 -0.460732 0.586006 0.599767 -0.544863 -0.317533 0.942847 -0.101052 -0.539167 0.677429 -0.500389 -0.504156 0.724137 -0.470587 0.884074 0.422347 -0.200089 -0.503489 -0.653833 -0.564802 -0.403580 0.910512 -0.089954 -0.474358 0.671754 0.568974 0.563136 0.444458 0.696660 0.839270 0.515904 0.171663 -0.187959 0.954939 0.229702 -0.295800 0.953230 0.062091 0.010027 0.999899 -0.010119 0.017544 0.999802 -0.009350 -0.024402 0.999623 0.012618 -0.024111 0.999441 0.023170 -0.046892 0.998381 0.032199 -0.029103 0.999186 0.027944 -0.043409 0.998646 0.028658 -0.058508 0.998116 0.018452 0.016727 0.999780 -0.012685 -0.024826 0.999376 0.025114 0.024041 0.999605 -0.014525 0.044334 0.998897 -0.015489 0.002245 0.999995 0.002261 -0.010822 0.999926 -0.005520 -0.018740 0.999726 -0.014006 -0.007204 0.999934 -0.008918 -0.009010 0.999943 -0.005643 -0.012188 0.999925 -0.001052 0.022276 0.999690 0.011110 
						0.025778 0.999362 0.024721 0.037533 0.998388 0.042575 0.048179 0.998295 0.032963 0.029495 0.999370 0.019746 0.016758 0.999859 0.001382 0.091213 0.234125 0.967918 -0.010466 -0.022278 0.999697 -0.704359 0.701680 0.107348 -0.697879 0.715887 0.021674 -0.069820 -0.137207 0.988079 -0.191430 -0.372857 0.907927 -0.637209 0.769495 -0.042929 -0.391791 0.918924 -0.045584 0.067784 -0.133540 0.988723 -0.011245 0.024383 0.999639 0.620983 0.782578 -0.044175 0.638551 0.769398 0.016684 -0.089071 0.235056 0.967892 -0.142869 0.512127 0.846945 0.705620 0.700739 0.105189 0.410790 0.908328 0.078687 0.093355 -0.990125 0.104577 0.099677 -0.979692 0.173976 -0.129108 0.991341 -0.023955 -0.158441 0.986450 -0.042568 0.082455 0.995907 -0.037017 -0.019665 0.999788 0.006083 0.067921 0.995490 -0.066237 -0.010728 0.999798 0.017018 -0.040189 0.998290 -0.042441 0.405261 0.550036 0.730222 -0.048081 0.998611 -0.021561 0.747650 0.638941 0.181038 0.121623 0.992293 -0.023729 0.855612 0.449638 -0.256424 -0.086115 -0.991884 0.093542 -0.475460 -0.478406 0.738286 0.070222 -0.994574 0.076753 -0.095544 0.995268 -0.017681 0.036728 0.999226 -0.014114 0.155400 0.975897 -0.153217 0.204675 0.957196 -0.204656 -0.047817 0.998555 -0.024509 -0.192368 0.962306 -0.192252 -0.147911 0.977904 -0.147734 0.090912 0.995716 -0.016853 -0.065039 -0.995347 0.071086 0.103907 -0.988042 0.113916 -0.143110 0.989350 -0.026556 -0.159841 0.986751 0.027828 -0.121565 0.985347 0.119639 0.030010 0.999083 -0.030527 0.282849 -0.907836 0.309566 -0.363032 0.928946 0.072570 -0.291155 0.917304 0.271629 0.310408 0.905141 0.290460 0.088669 0.992272 0.086805 0.108308 0.993381 0.038267 0.387133 0.920907 -0.045371 0.158179 0.986971 -0.029446 -0.292170 -0.901302 0.319830 -0.114522 -0.985462 0.125493 0.171209 0.970539 0.169532 0.121338 0.430903 0.894203 
						0.159788 -0.310333 0.937103 -0.000113 -0.998613 -0.052642 0.064410 0.997923 -0.000013 -0.000001 0.999671 0.025633 0.000012 0.999911 0.013337 -0.007375 0.999973 -0.000008 0.000007 -0.999556 -0.029790 0.000010 -0.999644 -0.026685 0.000016 0.999981 -0.006230 0.031776 0.999358 0.016561 0.053363 0.998233 0.026148 0.184644 0.000000 0.982805 0.387311 0.000000 0.921949 0.387311 -0.000000 0.921949 0.184644 0.000000 0.982805 0.622714 0.000000 0.782450 0.622714 0.000000 0.782450 0.871787 0.000000 0.489884 0.871787 0.000000 0.489884 -0.221079 -0.547459 0.807102 -0.000000 -0.525755 0.850636 -0.000000 -0.525755 -0.850636 0.221079 -0.547459 -0.807102 0.221079 -0.547459 0.807102 -0.221079 -0.547459 -0.807102 0.871787 0.000000 -0.489885 0.622713 0.000000 -0.782450 0.622713 -0.000000 -0.782450 0.871787 0.000000 -0.489885 0.387311 0.000000 -0.921949 0.387311 0.000000 -0.921949 0.184645 0.000000 -0.982805 0.184645 0.000000 -0.982805 0.000000 0.000000 -1.000000 0.000000 0.000000 -1.000000 -0.184645 0.000000 -0.982805 -0.184645 0.000000 -0.982805 -0.387311 0.000000 -0.921949 -0.387311 -0.000000 -0.921949 -0.622714 0.000000 -0.782450 -0.622714 -0.000000 -0.782450 -0.871787 -0.000000 -0.489885 -0.871787 0.000000 -0.489885 -0.221079 0.547459 0.807101 0.000000 0.525755 0.850636 0.000000 0.525755 -0.850636 0.221079 0.547459 -0.807101 0.221079 0.547459 0.807101 -0.221079 0.547459 -0.807101 -0.871787 0.000000 0.489885 -0.622713 0.000000 0.782450 -0.622713 0.000000 0.782450 -0.871787 -0.000000 0.489885 -0.387311 0.000000 0.921949 -0.387311 0.000000 0.921949 -0.184645 0.000000 0.982805 -0.184645 0.000000 0.982805 -0.000001 0.000000 1.000000 -0.000001 -0.000000 1.000000 -0.000009 -0.341466 0.939894 -0.000005 -0.187608 0.982244 0.000000 0.000000 1.000000 -0.000003 -0.447238 0.894415 -0.000003 -0.506757 0.862089 
						0.000000 -0.525755 0.850636 0.000003 -0.506757 0.862089 0.000003 -0.447238 0.894415 0.000010 -0.341466 0.939894 0.000004 -0.187609 0.982244 0.000000 0.000000 1.000000 -0.000002 0.187606 0.982244 -0.000006 0.341464 0.939895 0.000007 0.447233 0.894417 -0.000007 0.506758 0.862089 0.000000 0.525755 0.850636 0.000007 0.506758 0.862089 -0.000007 0.447233 0.894417 0.000006 0.341464 0.939895 0.000002 0.187606 0.982244 0.000000 0.000001 1.000000 0.000001 -0.187605 -0.982245 0.000011 -0.341468 -0.939893 0.000001 0.000000 -1.000000 -0.000004 -0.447235 -0.894417 -0.000007 -0.506754 -0.862091 -0.000000 -0.525755 -0.850636 0.000007 -0.506754 -0.862091 0.000003 -0.447235 -0.894417 -0.000010 -0.341466 -0.939894 0.000005 -0.187600 -0.982246 0.000000 0.000000 -1.000000 -0.000008 0.187597 -0.982246 -0.000001 0.341459 -0.939897 -0.000007 0.447233 -0.894417 0.000003 0.506757 -0.862089 0.000000 0.525755 -0.850636 -0.000003 0.506757 -0.862089 0.000007 0.447233 -0.894418 0.000001 0.341459 -0.939897 0.000008 0.187597 -0.982246 -0.000000 0.000001 -1.000000 -0.884448 -0.435900 0.166563 -0.842094 -0.402117 0.359415 0.840296 -0.402103 -0.363615 0.883453 -0.435893 -0.171780 -0.724356 -0.351902 0.592852 0.722253 -0.351885 -0.595422 -0.632637 -0.294940 0.716087 0.630778 -0.295087 -0.717664 -0.871787 -0.000000 -0.489884 -1.000000 0.000000 0.000000 -1.000000 0.000000 0.000000 -0.871787 0.000000 -0.489884 -0.871787 0.000000 0.489885 -0.871787 -0.000000 0.489885 0.630780 -0.295087 0.717663 0.722252 -0.351886 0.595423 -0.724356 -0.351903 -0.592851 -0.632638 -0.294940 -0.716086 0.840297 -0.402103 0.363613 -0.842093 -0.402117 -0.359418 0.883452 -0.435893 0.171781 -0.884448 -0.435900 -0.166562 0.894243 -0.447573 0.002780 -0.894243 -0.447573 0.002780 0.884448 -0.435900 -0.166564 -0.883453 -0.435893 0.171781 0.842094 -0.402117 -0.359415 
						-0.840296 -0.402103 0.363615 0.724356 -0.351903 -0.592851 -0.722253 -0.351886 0.595421 0.632638 -0.294940 -0.716086 -0.630779 -0.295087 0.717664 -0.871787 0.000000 -0.489885 -1.000000 0.000000 0.000000 -1.000000 0.000000 0.000000 -0.871787 0.000000 -0.489885 -0.871787 -0.000000 0.489885 -0.871787 0.000000 0.489885 -0.630781 -0.295087 -0.717662 -0.722252 -0.351886 -0.595423 0.724358 -0.351903 0.592849 0.632637 -0.294940 0.716087 -0.840296 -0.402103 -0.363614 0.842094 -0.402117 0.359417 -0.883452 -0.435893 -0.171782 0.884448 -0.435900 0.166563 -0.894243 -0.447573 -0.002780 0.894243 -0.447573 -0.002779 0.000005 -0.167695 0.985839 0.000007 -0.089071 0.996025 0.000000 0.000000 1.000000 -0.000003 -0.227967 0.973669 0.000006 -0.265368 0.964147 0.000000 -0.277994 0.960583 -0.000005 -0.265368 0.964147 0.000003 -0.227967 0.973669 -0.000004 -0.167695 0.985839 -0.000007 -0.089071 0.996025 0.000000 0.000000 1.000000 -0.000003 0.089076 0.996025 -0.000001 0.167698 0.985838 0.000017 0.227961 0.973670 0.000002 0.265369 0.964147 -0.000000 0.277994 0.960583 -0.000002 0.265369 0.964147 -0.000017 0.227961 0.973670 0.000001 0.167697 0.985839 0.000004 0.089076 0.996025 0.000000 0.000000 1.000000 0.000006 -0.089077 -0.996025 0.000004 -0.167699 -0.985838 -0.000000 0.000000 -1.000000 -0.000007 -0.227964 -0.973670 0.000011 -0.265371 -0.964146 0.000000 -0.277994 -0.960583 -0.000011 -0.265371 -0.964146 0.000006 -0.227964 -0.973669 -0.000005 -0.167699 -0.985838 -0.000006 -0.089077 -0.996025 0.000000 0.000000 -1.000000 -0.000002 0.089074 -0.996025 -0.000002 0.167697 -0.985839 0.000003 0.227967 -0.973669 -0.000005 0.265368 -0.964147 -0.000000 0.277994 -0.960583 0.000005 0.265368 -0.964147 -0.000004 0.227967 -0.973669 0.000002 0.167696 -0.985839 0.000002 0.089074 -0.996025 0.000000 0.000000 -1.000000 -0.087418 0.992451 0.086022 
						0.016299 0.999726 -0.016801 -0.106389 0.993120 0.048918 0.006320 0.999959 -0.006551 0.099084 0.993862 -0.049210 0.091207 0.991779 0.089751 0.163583 0.983626 0.075631 -0.019121 0.999616 -0.020042 -0.062888 0.997540 -0.030982 -0.008010 0.999931 -0.008571 0.100221 0.993233 0.058681 0.127525 0.979911 0.153337 -0.153767 0.985060 -0.077535 -0.093816 0.989520 -0.109768 -0.166800 0.981000 0.099078 0.151076 0.985588 -0.076102 -0.074555 0.993176 0.089682 0.102644 0.987441 -0.120099 0.000000 0.992683 0.120752 -0.000000 0.999714 -0.023920 0.000000 0.994590 0.103876 -0.000000 0.999752 -0.022276 0.000000 -0.978486 -0.206312 -0.000000 -0.993865 -0.110597 -0.000001 -0.992024 0.126050 -0.000001 -0.988747 0.149598 0.064195 0.997464 -0.030729 -0.192278 0.976680 0.095521 -0.101132 0.993678 -0.048742 0.115759 0.991653 0.056788 0.059206 -0.000390 0.998246 0.891317 -0.015493 0.453116 0.195569 -0.001755 0.980688 0.975197 -0.021071 0.220335 -0.289539 0.929884 -0.226900 0.008619 0.999027 0.043261 -0.099937 0.994975 -0.006153 0.107530 0.990921 0.080699 -0.179341 0.980241 -0.083452 0.231618 0.967430 0.102142 -0.126884 0.983129 -0.131748 0.159021 0.973961 0.161591 -0.300793 0.903372 0.305682 -0.234726 0.966547 0.103397 0.137060 0.980283 -0.142339 0.092078 0.994764 -0.044347 -0.000000 -0.996849 -0.079329 -0.000000 -0.998928 -0.046300 0.000000 -0.987195 0.159518 0.000000 -0.941024 0.338339 0.000000 0.981220 -0.192894 -0.000003 0.980966 0.194182 -0.000001 0.982351 -0.187045 -0.000004 0.912936 0.408103 -0.095472 0.992548 0.075713 0.109527 0.993917 -0.011485 -0.117362 0.000770 0.993089 -0.113979 0.001049 0.993483 0.000005 -0.742823 0.669488 0.000000 -0.987195 0.159518 0.000003 0.881730 0.471754 0.000000 0.994590 0.103876 -0.216561 0.976269 0.000690 -0.412517 -0.910949 0.001319 -0.909528 0.415632 0.002895 
						-0.799164 -0.601107 0.002542 -0.000003 -0.891176 0.453658 -0.000004 0.769096 0.639133 -0.000001 -0.941024 0.338339 -0.000000 0.992683 0.120752 -0.391023 -0.920380 0.001246 -0.821803 -0.569766 0.002612 -0.274711 0.961526 0.000876 -0.894181 0.447696 0.002844 -0.185854 0.982577 0.000592 -0.377876 0.925855 0.001208 -0.105385 -0.994431 0.000335 -0.453330 -0.891342 0.001449 0.000008 0.906988 0.421157 0.000005 -0.761152 0.648574 0.000000 0.987750 0.156044 0.000000 -0.994987 0.100000 -0.095325 -0.995446 0.000304 -0.175819 0.984422 0.000558 -0.503779 -0.863831 0.001608 -0.366285 0.930502 0.001168 -0.000012 0.738078 0.674716 -0.000001 0.943652 0.330940 -0.000003 -0.880413 0.474208 -0.000000 -0.993202 0.116402 -0.000558 1.000000 0.000256 0.015344 0.999720 -0.018024 -0.007392 0.999965 0.003996 0.014266 0.999753 -0.017016 -0.002449 0.999996 -0.001117 0.004025 0.999990 0.002177 -0.016570 0.999673 -0.019463 -0.014882 0.999732 -0.017747 0.778861 0.595933 -0.195549 0.770361 0.588133 -0.246257 0.774292 0.602004 0.195101 0.770780 0.599782 0.214846 0.008324 0.999965 0.000001 -0.012019 0.999928 0.000000 0.364514 0.910301 -0.196166 0.006469 0.999976 -0.002684 0.000465 1.000000 -0.000223 0.019078 0.999629 -0.019437 0.018093 0.999663 -0.018610 -0.009297 0.999949 -0.003856 -0.020742 0.999562 -0.021128 -0.003606 0.999992 -0.001726 -0.018456 0.999649 -0.018983 0.000002 -0.999651 0.026420 0.000002 -0.999678 0.025390 0.000001 -0.999666 0.025827 0.000000 -0.999694 0.024742 -0.000534 1.000000 0.000000 0.358584 0.921219 0.150906 -0.002808 0.999996 0.000000 0.231430 0.931485 -0.280671 -0.242651 0.961379 -0.129886 -0.220523 0.938000 -0.267443 0.232451 0.969329 0.079794 0.186180 0.959722 0.210407 -0.006429 0.999974 -0.003229 0.015648 0.999726 0.017388 -0.236004 0.968360 0.081123 0.003108 0.999994 -0.001559 
						-0.114196 0.985033 0.129112 -0.016552 0.999694 0.018395 0.756109 0.575537 -0.311540 0.791901 0.610597 -0.008046 0.000003 -0.957808 -0.287407 0.000002 -0.986287 -0.165042 0.000001 -0.999761 -0.021841 -0.000000 -0.999737 -0.022940 -0.197917 0.976328 0.087250 -0.414399 0.800686 0.432637 0.209622 0.952977 0.218848 -0.336439 0.936875 -0.095257 0.001744 0.999998 0.000782 -0.198568 0.960044 -0.197197 0.019958 0.999610 0.019513 0.334499 0.937611 -0.094852 0.223708 0.948991 -0.222197 -0.004820 0.999986 0.002162 -0.020416 0.999592 0.019959 -0.000000 -0.964992 -0.262280 -0.000000 -0.817093 -0.576506 -0.000000 0.946922 -0.321465 0.000000 0.999678 0.025382 0.000000 0.947122 -0.320874 0.000000 0.999652 0.026363 -0.121337 0.991338 0.050261 -0.075814 0.993354 0.086603 0.118409 0.991756 0.048981 0.071508 0.994088 0.081710 0.767792 0.585829 -0.259422 0.756832 0.590622 0.279947 0.009277 0.999957 -0.000001 -0.000523 1.000000 -0.000226 -0.013033 0.999915 -0.000001 0.175605 0.982594 -0.060597 0.129932 0.983042 -0.129407 -0.179586 0.981797 -0.061842 -0.234181 0.943773 -0.233348 -0.000000 -0.930617 0.365994 0.000001 -0.984197 0.177077 -0.009232 0.999951 0.003678 -0.000208 1.000000 -0.000001 -0.003131 0.999995 -0.000002 0.014539 0.999769 0.015859 -0.103869 0.993777 -0.040221 -0.139607 0.979030 -0.148356 -0.002495 0.999996 0.001080 0.067438 0.997385 -0.026002 -0.015495 0.999737 0.016902 0.146712 0.976816 -0.155907 -0.000000 -0.999784 -0.020768 -0.000000 -0.999757 -0.022046 0.000000 -0.984897 0.173143 0.000000 -0.980232 0.197850 0.006401 0.999976 0.002550 0.052146 0.998485 0.017570 0.017751 0.999695 0.017171 0.202448 0.960372 0.191575 -0.019333 0.999638 0.018700 -0.101049 0.994313 0.033617 -0.397701 0.836780 0.376341 0.000000 0.999702 0.024430 -0.000000 0.970489 0.241147 0.000000 0.999666 0.025851 
						0.000000 0.832494 0.554034 0.047241 0.998705 -0.018909 -0.086686 0.994793 0.053593 0.087837 0.991659 -0.094328 0.023965 0.999413 -0.024499 -0.023032 0.999435 -0.024465 0.000000 0.999699 -0.024543 -0.000000 0.999699 -0.024544 0.136957 0.986865 0.085672 -0.051074 0.998485 -0.020474 0.076838 0.994494 -0.071255 0.132961 0.988514 -0.071836 -0.077113 0.994289 0.073775 -0.090166 0.995432 0.031403 -0.098722 0.990895 -0.091549 0.083686 0.993269 0.080084 -0.074693 0.996370 -0.040825 0.087475 0.995699 0.030509 0.000000 -0.992414 0.122940 0.000000 -0.996225 0.086812 0.000000 -0.993821 -0.110992 0.000000 -0.993206 -0.116371 -0.055140 0.996720 -0.059237 0.000001 0.997089 -0.076246 0.000002 0.991022 -0.133700 0.115823 0.986268 0.117734 -0.084172 0.993003 -0.082828 -0.069557 0.995067 0.070737 0.087927 0.992362 -0.086523 -0.000002 -0.984588 -0.174887 -0.000001 -0.995585 -0.093865 -0.000001 -0.994987 0.100000 0.000000 -0.993202 0.116402 -0.878181 0.015288 0.478084 -0.975214 0.021073 0.220258 0.135539 0.986697 -0.089763 -0.233678 0.941349 0.243426 0.000000 0.989410 -0.145145 0.000000 0.987750 0.156044 0.000000 0.990195 -0.139693 0.000000 0.943652 0.330940 0.000001 -0.891772 0.452484 0.000001 -0.954561 0.298016 0.000006 0.742463 0.669887 0.000000 -0.999346 0.036167 0.000016 -0.788937 -0.614475 0.000026 -0.035814 -0.999358 0.000001 -0.954561 0.298015 0.000000 -0.999346 0.036167 -0.000012 -0.793446 -0.608641 -0.000001 -0.911246 0.411863 -0.000025 -0.034193 -0.999415 0.000000 -0.982263 -0.187509 -0.000003 -0.982222 -0.187722 0.000006 -0.911337 0.411660 -0.000007 0.747135 0.664673 -0.000001 -0.888382 0.459106 -0.000000 -0.992024 0.126050 -0.000000 0.980966 0.194181 -0.000001 -0.988747 0.149598 0.000001 0.912935 0.408105 0.000006 -0.986287 -0.165040 -0.000003 0.947121 -0.320875 -0.000001 -0.957809 -0.287406 
						-0.000003 0.946922 -0.321463 0.000001 -0.995585 -0.093864 0.000001 0.990195 -0.139693 0.000003 -0.512972 -0.858406 -0.000005 0.722848 -0.691007 -0.000002 -0.984589 -0.174887 0.000002 0.989410 -0.145146 -0.000003 -0.712972 -0.701193 0.000005 0.482796 -0.875733 0.000003 0.549670 -0.835382 -0.000004 -0.693322 -0.720628 -0.000003 0.718360 -0.695671 0.000004 -0.459143 -0.888363 -0.000003 -0.984897 0.173143 0.000000 0.970489 0.241147 -0.000001 -0.759906 0.650033 -0.000010 0.732308 0.680974 0.000003 -0.980232 0.197850 0.000000 0.832494 0.554034 0.000000 -0.846138 0.532964 0.000006 0.330801 0.943700 0.000000 0.893287 0.449488 0.000008 -0.875777 0.482715 -0.000001 0.736277 0.676681 -0.000008 -0.945674 0.325116 0.000006 0.999915 -0.013028 -0.000005 -0.996848 -0.079331 -0.000004 -0.996225 0.086811 0.000004 0.999915 -0.013030 -0.000004 0.999859 -0.016785 0.000004 -0.992414 0.122938 -0.000006 0.999859 -0.016783 0.000005 -0.998927 -0.046302 0.890489 0.011657 0.454855 -0.698068 -0.009148 -0.715973 0.980621 0.012828 0.195494 0.942749 -0.009444 -0.333370 0.953802 -0.009556 -0.300284 -0.697944 0.006976 0.716119 -0.000003 0.908829 -0.417170 -0.000005 -0.414229 -0.910173 0.000000 0.973790 0.227448 -0.000000 0.994739 -0.102439 0.000003 0.895920 -0.444216 -0.000000 0.986614 0.163070 0.000005 -0.423095 -0.906085 0.000000 0.999977 0.006797 -0.000010 0.781714 0.623637 -0.000000 0.973790 0.227447 -0.000005 -0.138268 0.990395 -0.000000 0.994739 -0.102439 0.000000 0.999977 0.006797 0.000000 0.986615 0.163069 0.000005 -0.133258 0.991081 0.000010 0.789538 0.613701 0.000008 0.993711 0.111974 -0.000008 -0.930616 0.365998 -0.000005 0.994120 0.108284 0.000003 -0.984197 0.177078 -0.000001 0.991022 -0.133702 0.000001 -0.993206 -0.116370 0.000004 0.997089 -0.076247 -0.000003 -0.993821 -0.110991 
					</float_array>
					<technique_common>
						<accessor count="1663" offset="0" source="#meshId0-bitangents-array" stride="3">
							<param name="X" type="float" />
							<param name="Y" type="float" />
							<param name="Z" type="float" />
						</accessor>
					</technique_common>
				</source>
				<source id="meshId0-tex0" name="meshId0-tex0">
					<float_array id="meshId0-tex0-array" count="3326"> 
						0.435461 0.799793 0.435461 0.783591 0.452282 0.783591 0.452282 0.799793 0.435461 0.770734 0.452282 0.770734 0.435461 0.762478 0.452282 0.762478 0.852406 0.772169 0.852406 0.786539 0.829132 0.786539 0.829132 0.772169 0.852406 0.800909 0.829132 0.800909 0.404406 0.873029 0.404406 0.864773 0.421226 0.864773 0.421226 0.873029 0.404406 0.851915 0.421226 0.851915 0.404406 0.835713 0.421226 0.835713 0.404406 0.817753 0.421226 0.817753 0.404406 0.799793 0.421226 0.799793 0.404406 0.783591 0.421226 0.783591 0.404406 0.770733 0.421226 0.770733 0.404406 0.762478 0.421226 0.762478 0.792808 0.773691 0.792808 0.759861 0.815208 0.759861 0.815208 0.773691 0.792808 0.746031 0.815208 0.746031 0.435461 0.873029 0.435461 0.864773 0.452282 0.864773 0.452282 0.873029 0.435461 0.851915 0.452282 0.851915 0.435461 0.835714 0.452282 0.835714 0.435461 0.817753 0.452282 0.817753 0.464063 0.435331 0.467625 0.447423 0.443773 0.460826 0.458514 0.425735 0.451523 0.419574 0.443773 0.417451 0.436022 0.419574 0.429031 0.425735 0.423482 0.435331 0.419920 0.447423 0.418692 0.460826 0.419920 0.474230 0.423482 0.486321 0.429031 0.495917 0.436022 0.502078 0.443773 0.504201 
						0.451523 0.502078 0.458514 0.495917 0.464063 0.486321 0.467625 0.474230 0.468853 0.460826 0.616284 0.713183 0.612638 0.725558 0.591871 0.699464 0.606959 0.735380 0.599803 0.741686 0.591871 0.743858 0.583938 0.741686 0.576783 0.735380 0.571104 0.725558 0.567458 0.713183 0.566201 0.699464 0.567458 0.685746 0.571104 0.673370 0.576783 0.663549 0.583938 0.657243 0.591871 0.655070 0.599803 0.657243 0.606959 0.663549 0.612638 0.673370 0.616284 0.685746 0.617540 0.699464 0.191756 0.826332 0.192104 0.847261 0.185565 0.840475 0.185264 0.822004 0.198413 0.826228 0.198760 0.847154 0.205033 0.824339 0.205381 0.845268 0.211308 0.818095 0.211609 0.836566 0.219859 0.850451 0.219927 0.818095 0.225219 0.818148 0.226071 0.850407 0.372881 0.626357 0.350331 0.623584 0.350370 0.620201 0.354713 0.620262 0.372881 0.626355 0.354946 0.605568 0.350603 0.605506 0.350669 0.602251 0.373298 0.599928 0.373298 0.599931 0.354762 0.616621 0.350419 0.616560 0.350476 0.612801 0.354818 0.612862 0.350537 0.609069 0.354881 0.609130 0.456148 0.596441 0.446303 0.588652 0.444546 0.579692 0.902482 0.623873 0.907110 0.622555 0.903122 0.659893 0.897829 0.623948 0.670284 0.630035 
						0.681245 0.621363 0.668160 0.638422 0.107125 0.832393 0.122608 0.832221 0.122684 0.838878 0.107195 0.839051 0.105202 0.825774 0.120691 0.825602 0.100816 0.819460 0.114764 0.819315 0.118672 0.845359 0.104725 0.845504 0.234564 0.849191 0.234321 0.816817 0.241092 0.816921 0.240414 0.849198 0.644570 0.921001 0.629898 0.920811 0.630034 0.912291 0.644700 0.912481 0.630167 0.903818 0.644839 0.904009 0.172686 0.844889 0.159286 0.845209 0.163507 0.838722 0.177014 0.838396 0.163419 0.832065 0.176910 0.831740 0.161514 0.825445 0.175021 0.825120 0.155377 0.819165 0.168777 0.818845 0.140480 0.750788 0.139020 0.783930 0.132567 0.783821 0.135272 0.750718 0.145858 0.750869 0.145677 0.784030 0.151197 0.750957 0.152296 0.784140 0.156294 0.751051 0.158611 0.784233 0.570846 0.917069 0.571750 0.902397 0.579337 0.902166 0.578701 0.917100 0.590533 0.917100 0.589896 0.902166 0.595031 0.902655 0.595935 0.917327 0.680308 0.914420 0.695900 0.903818 0.681581 0.921727 0.498786 0.955607 0.494270 0.945055 0.505115 0.956596 0.146286 0.832419 0.130934 0.832641 0.130988 0.825981 0.146341 0.825760 0.147127 0.845358 0.131777 0.845579 0.131201 0.839258 0.146551 0.839037 
						0.131359 0.819536 0.146715 0.819315 0.465536 0.206102 0.464802 0.159120 0.469106 0.158643 0.469880 0.205985 0.475502 0.300998 0.469386 0.256309 0.473258 0.256254 0.478920 0.301004 0.470842 0.399720 0.472161 0.348842 0.474322 0.348910 0.472632 0.399850 0.477318 0.348992 0.475205 0.400007 0.472969 0.300992 0.464570 0.119708 0.468834 0.118872 0.449349 0.069755 0.451010 0.060433 0.451014 0.060432 0.444117 0.052586 0.428895 0.002633 0.433193 0.001992 0.659366 0.942152 0.652266 0.956976 0.644428 0.957363 0.471030 0.600820 0.479658 0.543198 0.482232 0.543355 0.472466 0.601109 0.591389 0.942161 0.598951 0.948412 0.597528 0.956328 0.589966 0.950073 0.878948 0.653031 0.872306 0.608407 0.875365 0.608348 0.881481 0.653036 0.677884 0.949575 0.666135 0.957691 0.677780 0.942152 0.453332 0.622286 0.448009 0.622270 0.448064 0.617615 0.453388 0.617631 0.449427 0.631331 0.444102 0.631314 0.446671 0.626896 0.451995 0.626912 0.446834 0.613110 0.452160 0.613126 0.727882 0.605317 0.728285 0.655386 0.723866 0.655744 0.723463 0.605718 0.741668 0.605434 0.742071 0.655456 0.737566 0.655239 0.737162 0.605171 0.732507 0.605131 0.732911 0.655216 0.483765 0.614311 
						0.491395 0.556802 0.493184 0.556932 0.484556 0.614555 0.637659 0.957171 0.624238 0.951830 0.624817 0.942161 0.454004 0.951964 0.453682 0.952893 0.364916 0.953740 0.910779 0.045834 0.910201 0.002065 0.914934 0.001992 0.914869 0.045829 0.908611 0.279730 0.907029 0.045912 0.916367 0.278585 0.912069 0.279226 0.261728 0.058539 0.261991 0.045532 0.299110 0.085156 0.285566 0.101899 0.261605 0.100348 0.307085 0.024554 0.307558 0.001992 0.312695 0.002014 0.312232 0.037056 0.318557 0.002039 0.318101 0.045821 0.324916 0.002066 0.324460 0.045848 0.337688 0.045904 0.344048 0.045931 0.349909 0.045956 0.355046 0.045978 0.353548 0.278734 0.306150 0.271600 0.344504 0.002149 0.350365 0.002174 0.355502 0.002196 0.255908 0.045555 0.218571 0.045428 0.489004 0.904082 0.489008 0.904086 0.487311 0.911574 0.302993 0.024550 0.264561 0.271507 0.262230 0.210777 0.264984 0.144994 0.236955 0.207543 0.236245 0.269876 0.202059 0.195008 0.204475 0.138273 0.228700 0.151677 0.211299 0.204840 0.295333 0.390771 0.307343 0.314272 0.328722 0.331522 0.333109 0.345763 0.317907 0.395614 0.180080 0.366153 0.185669 0.317139 0.243833 0.321177 0.226170 0.377450 0.268771 0.321172 
						0.273882 0.389273 0.302464 0.577628 0.308512 0.532903 0.313054 0.532951 0.306411 0.577598 0.216714 0.471762 0.221442 0.424606 0.280987 0.435288 0.277375 0.475217 0.186511 0.524925 0.186279 0.481144 0.199067 0.470204 0.217292 0.532090 0.275479 0.678708 0.268726 0.629249 0.287339 0.629761 0.293321 0.678405 0.254657 0.674273 0.234986 0.628090 0.238631 0.573047 0.274610 0.527967 0.271632 0.580694 0.200036 0.577903 0.302233 0.436131 0.298593 0.476448 0.206339 0.619603 0.219579 0.629524 0.318477 0.734205 0.317002 0.734586 0.306622 0.676753 0.309515 0.676536 0.282999 0.744672 0.291874 0.738708 0.307580 0.738160 0.315671 0.808416 0.277600 0.760023 0.228653 0.675006 0.291012 0.581447 0.294946 0.528963 0.304287 0.625677 0.307708 0.625553 0.317636 0.435385 0.316861 0.482727 0.311726 0.482600 0.210854 0.109055 0.227603 0.097453 0.214909 0.083237 0.191675 0.259293 0.200116 0.212513 0.274902 0.041929 0.284269 0.044320 0.284617 0.036164 0.294366 0.029392 0.299174 0.006197 0.184779 0.457080 0.179753 0.415093 0.212635 0.640511 0.338347 0.328586 0.333017 0.335029 0.429819 0.597678 0.426084 0.581704 0.438779 0.595920 0.267143 0.827774 0.263408 0.843748 
						0.255875 0.841840 0.834316 0.650494 0.834771 0.606712 0.838471 0.606675 0.838658 0.650525 0.546770 0.902166 0.548153 0.910117 0.540507 0.914723 0.859611 0.002013 0.866469 0.001992 0.864887 0.235810 0.858113 0.234769 0.842911 0.284620 0.849652 0.285832 0.001872 0.046033 0.001938 0.002196 0.007075 0.002174 0.007010 0.046011 0.012936 0.002149 0.012871 0.045986 0.019296 0.002122 0.019231 0.045959 0.025910 0.002094 0.025844 0.045931 0.032524 0.002066 0.032458 0.045903 0.038883 0.002039 0.038818 0.045876 0.044745 0.002014 0.044686 0.037111 0.049882 0.001992 0.049834 0.024609 0.093663 0.058755 0.093945 0.045691 0.098689 0.045854 0.134634 0.045874 0.093785 0.100564 0.070434 0.101610 0.056827 0.085314 0.003371 0.278789 0.050769 0.271655 0.118435 0.207759 0.126269 0.151937 0.148729 0.138719 0.151145 0.195454 0.143307 0.205139 0.081528 0.389487 0.087166 0.321331 0.111558 0.321393 0.128799 0.377710 0.167535 0.317585 0.173124 0.366599 0.039011 0.395669 0.021191 0.337229 0.049576 0.314327 0.061585 0.390826 0.064496 0.581651 0.061542 0.529063 0.081011 0.528158 0.083267 0.580961 0.078562 0.475375 0.074949 0.435446 0.133527 0.424866 0.138255 0.472023 
						0.058325 0.476503 0.054686 0.436186 0.040058 0.482782 0.039283 0.435440 0.137473 0.532372 0.155698 0.470485 0.166926 0.481591 0.166693 0.525371 0.115929 0.573350 0.153168 0.578350 0.049097 0.577801 0.043435 0.533051 0.061985 0.739086 0.078971 0.679023 0.099544 0.674614 0.070729 0.745063 0.119394 0.628413 0.146865 0.620049 0.134674 0.629860 0.085948 0.629540 0.045383 0.676804 0.047495 0.625789 0.067864 0.629997 0.061577 0.678672 0.046514 0.738512 0.037533 0.808862 0.124551 0.675453 0.075604 0.760470 0.035616 0.734558 0.119146 0.270092 0.091376 0.271665 0.093707 0.210935 0.091016 0.144705 0.127027 0.097749 0.142350 0.109502 0.153088 0.212960 0.161529 0.259739 0.379065 0.618035 0.381124 0.599868 0.386459 0.623007 0.396208 0.629780 0.054177 0.024578 0.071320 0.036323 0.071667 0.044479 0.081034 0.042088 0.500951 0.912035 0.499568 0.904085 0.499572 0.904082 0.173451 0.415539 0.168425 0.457526 0.140569 0.640957 0.138296 0.083683 0.891806 0.236113 0.891439 0.279937 0.887681 0.279993 0.887152 0.236184 0.883948 0.280055 0.882526 0.236260 0.880386 0.280120 0.878103 0.236339 0.877130 0.280186 0.874054 0.236417 0.900483 0.235999 0.898464 0.279849 
						0.895080 0.279888 0.896307 0.236051 0.888507 0.002016 0.883852 0.001992 0.879226 0.002162 0.874807 0.002520 0.893012 0.002232 0.550485 0.955687 0.540490 0.948891 0.541479 0.942562 0.669749 0.903818 0.662705 0.920279 0.655398 0.921551 0.511884 0.955458 0.512610 0.942666 0.520033 0.942562 0.416716 0.232886 0.419730 0.277434 0.415750 0.277478 0.413918 0.232941 0.411030 0.232991 0.411635 0.277537 0.407544 0.277608 0.408163 0.233033 0.412297 0.327632 0.412945 0.374127 0.408319 0.374272 0.407670 0.327721 0.421453 0.327552 0.422103 0.374267 0.417600 0.374125 0.416951 0.327574 0.403899 0.374555 0.403248 0.327839 0.403634 0.277688 0.405425 0.233065 0.409535 0.134381 0.410309 0.185199 0.407821 0.185223 0.407427 0.134387 0.413713 0.134206 0.415241 0.185060 0.412815 0.185144 0.411658 0.134320 0.405446 0.185215 0.405413 0.134337 0.410691 0.076760 0.409613 0.076919 0.409288 0.001992 0.408499 0.076985 0.407392 0.076954 0.406333 0.076829 0.418151 0.413106 0.413496 0.413052 0.408870 0.413253 0.404452 0.413700 0.422656 0.413412 0.716021 0.605491 0.716423 0.655513 0.711918 0.655253 0.711515 0.605185 0.707263 0.655216 0.706860 0.605131 0.702234 0.605332 
						0.702637 0.655402 0.698219 0.655804 0.697816 0.605779 0.577856 0.942562 0.583197 0.955983 0.570019 0.942948 0.362946 0.244561 0.369588 0.199914 0.375651 0.199937 0.368288 0.244485 0.373396 0.149690 0.374170 0.102348 0.380955 0.103105 0.380251 0.149820 0.366050 0.343499 0.364242 0.292517 0.368871 0.292311 0.369965 0.343165 0.375012 0.401169 0.377003 0.400611 0.372206 0.475379 0.374442 0.062578 0.381156 0.063959 0.389644 0.012726 0.396391 0.013937 0.396296 0.003204 0.389552 0.001992 0.789993 0.655661 0.774757 0.605636 0.778215 0.605131 0.793437 0.655085 0.561299 0.955156 0.561410 0.942562 0.563250 0.944214 0.557254 0.955833 0.557366 0.943239 0.764346 0.655734 0.749110 0.605708 0.752556 0.605131 0.767778 0.655085 0.389549 0.484759 0.388845 0.438044 0.392307 0.437661 0.393041 0.484643 0.393833 0.534910 0.396892 0.534850 0.388644 0.398899 0.392076 0.398249 0.560287 0.905036 0.560257 0.914788 0.558712 0.902166 0.453542 0.965024 0.453139 0.966718 0.364776 0.965871 0.532995 0.942796 0.533721 0.955587 0.526802 0.942562 0.606494 0.913570 0.618283 0.903818 0.619339 0.910126 0.607550 0.919876 0.605720 0.942161 0.617469 0.950277 0.617235 0.956470 
						0.659449 0.608773 0.645388 0.615508 0.659999 0.599602 0.695998 0.326288 0.693835 0.224631 0.696614 0.224631 0.698305 0.326288 0.885646 0.560447 0.885650 0.542204 0.911041 0.542204 0.911044 0.560447 0.533084 0.134240 0.535310 0.153710 0.531653 0.153863 0.529466 0.134240 0.834955 0.127142 0.834950 0.147020 0.809566 0.147020 0.809561 0.127142 0.809580 0.319190 0.809572 0.217533 0.834944 0.217533 0.834936 0.319190 0.607745 0.117768 0.596612 0.134800 0.592873 0.134649 0.601662 0.117768 0.693366 0.134649 0.696614 0.153301 0.693968 0.153301 0.689626 0.134800 0.535235 0.326288 0.533126 0.224631 0.536127 0.224631 0.537818 0.326288 0.681665 0.080998 0.684576 0.117768 0.678494 0.117768 0.658365 0.094242 0.952249 0.600335 0.933904 0.621069 0.933904 0.621069 0.952249 0.600335 0.768442 0.117768 0.756773 0.134240 0.753155 0.134240 0.762150 0.117768 0.795423 0.075019 0.786266 0.098149 0.772147 0.085339 0.780571 0.070626 0.530337 0.792895 0.529975 0.762478 0.565270 0.762478 0.564959 0.792895 0.627874 0.094242 0.604574 0.080998 0.626450 0.048448 0.633545 0.071919 0.614408 0.063880 0.616248 0.048458 0.671831 0.063880 0.652693 0.071919 0.531231 0.827520 
						0.564189 0.827520 0.532867 0.873246 0.532209 0.853246 0.563348 0.853246 0.562783 0.873246 0.669991 0.048458 0.659789 0.048448 0.792433 0.047785 0.780313 0.047761 0.602806 0.013132 0.612662 0.028994 0.606500 0.028695 0.597629 0.012031 0.785508 0.031383 0.777981 0.030772 0.679739 0.028695 0.673577 0.028994 0.688610 0.012031 0.683432 0.013132 0.695561 0.001992 0.397496 0.578775 0.383118 0.579035 0.383118 0.556709 0.397496 0.556933 0.778773 0.018207 0.775935 0.018134 0.700108 0.393921 0.698850 0.393935 0.401105 0.580747 0.398553 0.580169 0.398553 0.555539 0.401105 0.554961 0.775519 0.009259 0.590678 0.001992 0.511719 0.018103 0.510304 0.018134 0.510720 0.009259 0.505925 0.047761 0.505668 0.070626 0.490816 0.075019 0.493806 0.047785 0.508258 0.030772 0.500731 0.031383 0.373743 0.580747 0.373743 0.554961 0.376295 0.555750 0.377352 0.557655 0.377352 0.578053 0.376295 0.579958 0.514091 0.085339 0.499973 0.098149 0.524089 0.117768 0.517797 0.117768 0.367977 0.580747 0.365306 0.579957 0.364199 0.578053 0.364199 0.557654 0.365306 0.555750 0.367977 0.554961 0.704298 0.224631 0.705503 0.326288 0.587934 0.326288 0.589625 0.224631 0.592403 0.224631 
						0.590241 0.326288 0.514437 0.030329 0.592270 0.153301 0.589625 0.153301 0.692127 0.011277 0.567505 0.596865 0.592441 0.596865 0.592251 0.613331 0.567720 0.613331 0.723588 0.076578 0.723365 0.101270 0.709111 0.096651 0.713055 0.072537 0.516415 0.047996 0.533442 0.592706 0.555865 0.592706 0.555270 0.610928 0.534118 0.610928 0.554991 0.622866 0.534435 0.622866 0.532697 0.575175 0.556521 0.575175 0.554917 0.631407 0.534519 0.631407 0.774520 0.018103 0.686954 0.030175 0.684845 0.048228 0.771801 0.030329 0.769823 0.047996 0.525432 0.067772 0.531382 0.095408 0.760807 0.067771 0.590190 0.066208 0.601393 0.048228 0.591200 0.091908 0.577128 0.096651 0.573183 0.072535 0.749221 0.117768 0.754857 0.095408 0.739222 0.098538 0.736292 0.117768 0.723363 0.117768 0.710434 0.117768 0.697505 0.117768 0.695039 0.091908 0.588734 0.117768 0.575805 0.117768 0.562876 0.117768 0.562873 0.101270 0.547017 0.098538 0.549947 0.117768 0.537018 0.117768 0.591920 0.629116 0.568097 0.629116 0.567700 0.586696 0.592269 0.586696 0.696047 0.066208 0.742569 0.134240 0.732348 0.124928 0.723363 0.122183 0.714496 0.124928 0.704404 0.134240 0.581835 0.134240 0.571743 0.124928 
						0.562876 0.122183 0.553891 0.124928 0.543669 0.134240 0.581941 0.153301 0.750929 0.153710 0.742422 0.153301 0.922320 0.638358 0.922320 0.638358 0.885655 0.470874 0.911036 0.470874 0.581941 0.224631 0.750112 0.224631 0.742422 0.224631 0.507482 0.018203 0.354655 0.580747 0.354655 0.554961 0.357326 0.555539 0.358432 0.556933 0.358432 0.578775 0.357337 0.580172 0.928632 0.755219 0.954578 0.755219 0.954647 0.765150 0.928553 0.765150 0.955344 0.792706 0.927762 0.792706 0.956069 0.813899 0.926937 0.813899 0.567871 0.576735 0.592119 0.576735 0.704298 0.153301 0.754585 0.153863 0.753113 0.224631 0.835450 0.110670 0.809067 0.110670 0.834910 0.069482 0.835346 0.094577 0.809187 0.094578 0.809695 0.069482 0.834175 0.040795 0.810549 0.040795 0.833718 0.024734 0.811080 0.024734 0.833422 0.011224 0.811425 0.011224 0.833350 0.001992 0.811509 0.001992 0.594112 0.011277 0.599284 0.030175 0.562651 0.076576 0.546259 0.073229 0.543817 0.153301 0.543817 0.224631 0.545021 0.326288 0.739980 0.073231 0.956870 0.837808 0.926028 0.837808 0.966349 0.361934 0.965258 0.290354 0.970601 0.361788 0.967099 0.290020 0.944673 0.553837 0.940420 0.553837 0.940420 0.534776 
						0.944673 0.534776 0.966349 0.534776 0.970601 0.534776 0.970601 0.553837 0.966349 0.553837 0.722591 0.685916 0.722591 0.681663 0.731458 0.681663 0.731458 0.685916 0.748421 0.326288 0.750208 0.393318 0.746407 0.393364 0.706402 0.393845 0.703477 0.393880 0.751003 0.326288 0.752860 0.393286 0.751428 0.393303 0.535895 0.398406 0.534354 0.398388 0.831399 0.390328 0.824467 0.389071 0.911029 0.369216 0.885661 0.369216 0.580736 0.326288 0.952719 0.200343 0.956971 0.200486 0.954041 0.272799 0.955861 0.273129 0.412067 0.625787 0.412067 0.630039 0.401975 0.630039 0.401975 0.625787 0.741218 0.326288 0.952718 0.008438 0.956971 0.008438 0.956971 0.027499 0.952718 0.027499 0.931042 0.098829 0.926790 0.098829 0.926790 0.027499 0.931042 0.027499 0.703384 0.685916 0.703384 0.681663 0.713606 0.681663 0.713606 0.685916 0.401975 0.604111 0.401975 0.599858 0.412067 0.599858 0.412067 0.604111 0.722591 0.707592 0.722591 0.711845 0.713606 0.711845 0.713606 0.707592 0.944673 0.463446 0.940420 0.463446 0.940420 0.361788 0.944672 0.361934 0.585995 0.399006 0.582839 0.398967 0.889073 0.300616 0.896136 0.299335 0.941443 0.294672 0.943441 0.294310 0.952718 0.098829 
						0.956971 0.098829 0.588334 0.399034 0.586981 0.399017 0.543096 0.398493 0.539007 0.398444 0.966349 0.463446 0.970601 0.463446 0.703384 0.711845 0.703384 0.707592 0.926790 0.200486 0.931042 0.200343 0.930116 0.268459 0.932088 0.268817 0.731458 0.707592 0.731458 0.711845 0.926790 0.008438 0.931042 0.008438 0.758882 0.154044 0.760662 0.154118 0.759028 0.224631 0.757295 0.224631 0.689496 0.224631 0.687698 0.224631 0.687698 0.153301 0.689534 0.153301 0.596743 0.224631 0.596704 0.153301 0.598541 0.224631 0.598541 0.153301 0.528943 0.224631 0.527211 0.224631 0.525577 0.154118 0.527357 0.154044 0.761237 0.134240 0.763086 0.134240 0.525002 0.134240 0.523153 0.134240 0.601135 0.134982 0.603008 0.135058 0.685104 0.134982 0.683231 0.135058 0.773135 0.117768 0.775079 0.117768 0.513104 0.117768 0.511160 0.117768 0.612586 0.117768 0.614591 0.117768 0.673653 0.117768 0.671647 0.117768 0.631459 0.096225 0.931899 0.621069 0.950772 0.599526 0.654780 0.096225 0.952249 0.600335 0.950772 0.599526 0.931899 0.621069 0.933904 0.621069 0.496028 0.101675 0.497184 0.100646 0.789055 0.100646 0.790211 0.101676 0.653302 0.097035 0.646895 0.074335 0.648596 0.073629 
						0.799043 0.076119 0.800554 0.076580 0.487195 0.076119 0.485685 0.076580 0.637643 0.073629 0.632936 0.097035 0.639344 0.074335 0.795912 0.047856 0.808105 0.069020 0.809057 0.040758 0.490327 0.047856 0.835669 0.040758 0.836503 0.069020 0.630213 0.048479 0.567133 0.793842 0.566260 0.827541 0.656026 0.048479 0.529166 0.827541 0.528167 0.793842 0.835147 0.024597 0.497246 0.031695 0.565295 0.853368 0.616499 0.029204 0.530268 0.853368 0.669740 0.029204 0.809654 0.024597 0.788993 0.031695 0.782014 0.018286 0.810027 0.011187 0.504225 0.018286 0.834821 0.011187 0.606923 0.014003 0.618113 0.029296 0.608664 0.014369 0.679316 0.014003 0.677575 0.014369 0.668126 0.029296 0.593229 0.001992 0.384859 0.555317 0.693010 0.001992 0.384859 0.580423 0.834744 0.002041 0.508049 0.009140 0.810111 0.002042 0.778201 0.009141 0.756774 0.326288 0.755084 0.326288 0.594516 0.326288 0.596287 0.326288 0.593599 0.398345 0.594368 0.398221 0.590754 0.398453 0.592602 0.398420 0.757788 0.393945 0.758581 0.394081 0.754994 0.393834 0.756906 0.393872 0.529465 0.326288 0.531155 0.326288 0.528491 0.397524 0.529230 0.397668 0.531472 0.398298 0.533238 0.398375 0.691723 0.326288 
						0.689952 0.326288 0.693536 0.394639 0.692724 0.394793 0.695777 0.394032 0.697771 0.393949 0.565780 0.586582 0.565586 0.596857 0.713332 0.070845 0.723607 0.074416 0.565795 0.613302 0.566178 0.630563 0.740052 0.070850 0.757313 0.066279 0.594173 0.613302 0.594358 0.596857 0.546187 0.070849 0.562632 0.074415 0.594187 0.586582 0.594019 0.574557 0.572907 0.070844 0.584932 0.066714 0.532531 0.622827 0.532614 0.631456 0.770320 0.018008 0.772848 0.009379 0.696999 0.010233 0.698112 0.001992 0.926117 0.765700 0.926209 0.755219 0.957080 0.765700 0.957000 0.755219 0.589240 0.010233 0.588126 0.001992 0.515919 0.018008 0.513391 0.009379 0.556894 0.622827 0.556821 0.631456 0.532213 0.610805 0.767647 0.030031 0.691396 0.031086 0.693236 0.031464 0.699017 0.009800 0.594843 0.031086 0.593003 0.031464 0.587222 0.009800 0.518592 0.030031 0.557174 0.610805 0.531544 0.592745 0.765614 0.048091 0.689522 0.048156 0.924498 0.813937 0.925344 0.792225 0.530779 0.574557 0.701307 0.066714 0.923611 0.837542 0.959287 0.837542 0.958506 0.813937 0.596717 0.048156 0.528926 0.066279 0.520625 0.048091 0.558437 0.574557 0.557764 0.592745 0.594780 0.048126 0.565971 0.574556 
						0.593836 0.630563 0.969501 0.289584 0.743007 0.393404 0.812951 0.386983 0.951618 0.272359 0.579769 0.398931 0.907451 0.297284 0.945709 0.293899 0.927822 0.268043 0.527568 0.397427 0.691781 0.394889 0.169385 0.913706 0.169385 0.902364 0.194532 0.902364 0.194532 0.913706 0.169385 0.893364 0.194532 0.893364 0.169385 0.887585 0.194532 0.887585 0.216710 0.786196 0.206310 0.786196 0.206310 0.750223 0.216710 0.750223 0.195910 0.786196 0.195910 0.750223 0.209765 0.963652 0.209765 0.957873 0.234911 0.957873 0.234911 0.963652 0.209765 0.948872 0.234911 0.948872 0.209765 0.937531 0.234911 0.937531 0.209765 0.924959 0.234911 0.924959 0.209765 0.912386 0.234911 0.912386 0.209765 0.901045 0.234911 0.901045 0.209765 0.892044 0.234911 0.892044 0.209765 0.886265 0.234911 0.886265 0.166861 0.750222 0.177261 0.750222 0.177261 0.786196 0.166861 0.786196 0.187660 0.750222 0.187660 0.786196 0.169385 0.964971 0.169385 0.959193 0.194532 0.959193 0.194532 0.964971 0.169385 0.950192 0.194532 0.950192 0.169385 0.938850 0.194532 0.938850 0.169385 0.926278 0.194532 0.926278 0.487371 0.669941 0.490940 0.682053 0.467045 0.695481 0.481813 0.660328 0.474809 0.654157 
						0.467045 0.652030 0.459281 0.654157 0.452278 0.660328 0.446719 0.669941 0.443151 0.682053 0.441921 0.695481 0.443151 0.708908 0.446719 0.721020 0.452278 0.730633 0.459281 0.736805 0.467045 0.738931 0.474809 0.736805 0.481813 0.730633 0.487371 0.721020 0.490939 0.708908 0.492169 0.695481 0.674308 0.710563 0.670966 0.721905 0.651935 0.697991 0.665762 0.730905 0.659204 0.736684 0.651935 0.738675 0.644665 0.736684 0.638107 0.730905 0.632903 0.721905 0.629561 0.710563 0.628410 0.697991 0.629561 0.685419 0.632903 0.674077 0.638107 0.665076 0.644665 0.659298 0.651935 0.657306 0.659204 0.659298 0.665762 0.665076 0.670966 0.674077 0.674308 0.685419 0.675459 0.697991 0.088634 0.924776 0.075264 0.924859 0.075177 0.910979 0.088547 0.910896 0.064653 0.924926 0.064567 0.911046 0.057841 0.924968 0.057754 0.911088 0.810220 0.790840 0.810220 0.804291 0.788433 0.804291 0.788433 0.790840 0.810220 0.817743 0.788433 0.817743 0.148941 0.903939 0.142128 0.903982 0.142042 0.890102 0.148854 0.890059 0.131518 0.904048 0.131431 0.890168 0.118148 0.904132 0.118061 0.890252 0.103327 0.904224 0.103240 0.890344 0.088506 0.904317 0.088419 0.890437 0.075136 0.904400 
						0.075049 0.890520 0.064525 0.904467 0.064439 0.890587 0.057713 0.904509 0.057626 0.890629 0.753828 0.799275 0.753828 0.785823 0.775615 0.785823 0.775615 0.799275 0.753828 0.772371 0.775615 0.772371 0.149069 0.924398 0.142256 0.924441 0.142170 0.910560 0.148982 0.910518 0.131646 0.924507 0.131559 0.910627 0.118276 0.924591 0.118189 0.910710 0.103455 0.924683 0.103368 0.910803 0.550761 0.673370 0.554407 0.685746 0.529993 0.699464 0.545081 0.663549 0.537926 0.657243 0.529993 0.655070 0.522061 0.657243 0.514905 0.663549 0.509226 0.673370 0.505580 0.685746 0.504324 0.699464 0.505580 0.713183 0.509226 0.725558 0.514905 0.735380 0.522061 0.741686 0.529993 0.743858 0.537926 0.741686 0.545081 0.735380 0.550760 0.725558 0.554407 0.713183 0.555663 0.699464 0.430819 0.707253 0.427173 0.719628 0.406406 0.693534 0.421494 0.729449 0.414338 0.735755 0.406406 0.737928 0.398473 0.735755 0.391317 0.729449 0.385639 0.719628 0.381992 0.707253 0.380736 0.693534 0.381992 0.679815 0.385639 0.667440 0.391317 0.657618 0.398473 0.651313 0.406406 0.649140 0.414338 0.651313 0.421494 0.657618 0.427173 0.667440 0.430819 0.679815 0.432075 0.693534 0.862173 0.398641 
						0.861288 0.434675 0.852707 0.398641 0.861227 0.434702 0.852015 0.434825 0.675076 0.398641 0.684541 0.398641 0.675961 0.434675 0.685233 0.434825 0.676021 0.434702 0.789888 0.587119 0.781449 0.587119 0.789275 0.555082 0.780659 0.554978 0.747361 0.587119 0.747973 0.555082 0.755800 0.587119 0.756589 0.554978 0.726640 0.761880 0.726788 0.810164 0.701674 0.761880 0.701350 0.810164 0.758350 0.681663 0.778823 0.681663 0.758566 0.713805 0.778725 0.713805 0.750963 0.398641 0.750255 0.435690 0.786285 0.398641 0.786993 0.435690 0.382833 0.848554 0.382723 0.856783 0.346600 0.849298 0.346600 0.857736 0.455853 0.899727 0.453202 0.942606 0.445828 0.899373 0.443421 0.942390 0.654173 0.553050 0.654830 0.521059 0.661508 0.553050 0.662354 0.520968 0.502877 0.520968 0.510402 0.521059 0.503724 0.553050 0.511059 0.553050 0.615344 0.621538 0.630535 0.621538 0.615419 0.657662 0.630581 0.657662 0.737225 0.713745 0.737291 0.681663 0.752543 0.713745 0.752583 0.681663 0.375479 0.896883 0.374826 0.940875 0.383600 0.790847 0.346600 0.790087 0.642434 0.859332 0.652589 0.870638 0.637823 0.864163 0.650304 0.876846 0.266791 0.935480 0.262352 0.941426 0.258320 0.926692 
						0.252601 0.929677 0.683060 0.859332 0.687751 0.864163 0.672905 0.870638 0.675270 0.876846 0.266679 0.900218 0.258264 0.909059 0.262202 0.894300 0.252526 0.906111 0.326040 0.935292 0.334455 0.926450 0.330516 0.941209 0.340192 0.929398 0.642434 0.779992 0.637823 0.775161 0.652589 0.768686 0.650304 0.762478 0.325927 0.900029 0.330366 0.894083 0.334399 0.908817 0.340117 0.905832 0.683060 0.779992 0.672905 0.768686 0.687751 0.775161 0.675270 0.762478 0.849703 0.555812 0.858310 0.555916 0.849502 0.566314 0.857946 0.570732 0.687545 0.555812 0.687746 0.566314 0.678939 0.555916 0.679302 0.570732 0.453557 0.547470 0.441853 0.556554 0.441239 0.531500 0.429447 0.540470 0.708297 0.555561 0.828951 0.555561 0.849105 0.587119 0.602057 0.521697 0.602233 0.530256 0.594541 0.521788 0.594866 0.534110 0.563175 0.521697 0.570691 0.521788 0.562999 0.530256 0.570366 0.534110 0.360930 0.507481 0.345637 0.507481 0.360914 0.495159 0.345611 0.495159 0.546250 0.521492 0.562531 0.553050 0.618982 0.521492 0.857543 0.587119 0.688144 0.587119 0.679705 0.587119 0.788884 0.534597 0.780045 0.529973 0.788422 0.510420 0.779643 0.513591 0.748365 0.534597 0.748827 0.510420 
						0.757203 0.529973 0.757606 0.513591 0.428907 0.566602 0.416404 0.550391 0.503300 0.574557 0.523215 0.574557 0.503410 0.590938 0.523165 0.590938 0.602701 0.553050 0.595366 0.553050 0.569866 0.553050 0.655210 0.502537 0.655775 0.475002 0.662947 0.498489 0.663493 0.477790 0.510022 0.502537 0.502284 0.498489 0.509456 0.475002 0.501738 0.477790 0.360891 0.476219 0.345572 0.476219 0.880843 0.773154 0.880898 0.746825 0.900270 0.773154 0.900303 0.746825 0.850314 0.523838 0.859008 0.527472 0.686934 0.523838 0.678240 0.527472 0.476027 0.530029 0.463879 0.514279 0.732846 0.504647 0.788182 0.497867 0.804403 0.504647 0.601369 0.488201 0.593739 0.491390 0.563862 0.488201 0.571493 0.491390 0.360968 0.537878 0.345701 0.537878 0.509259 0.465377 0.521702 0.470578 0.643530 0.470578 0.779164 0.494098 0.787619 0.468432 0.778635 0.472549 0.749067 0.497867 0.749629 0.468432 0.758084 0.494098 0.758614 0.472549 0.503541 0.610431 0.523105 0.610431 0.503685 0.631980 0.523039 0.631980 0.655973 0.465377 0.656644 0.432682 0.663908 0.462060 0.664587 0.436321 0.501323 0.462060 0.508588 0.432682 0.500644 0.436321 0.880940 0.726819 0.881008 0.694080 0.900328 0.726819 
						0.900369 0.694080 0.851003 0.487814 0.851937 0.438960 0.860063 0.484541 0.861287 0.434702 0.675962 0.434702 0.701350 0.810200 0.726788 0.810200 0.685312 0.438960 0.686246 0.487814 0.591401 0.402785 0.599694 0.406585 0.592706 0.452219 0.600690 0.455103 0.573830 0.402785 0.572526 0.452219 0.565538 0.406585 0.564542 0.455103 0.630533 0.619448 0.615340 0.619448 0.630471 0.570015 0.615236 0.570015 0.677186 0.484541 0.726992 0.876982 0.700902 0.876982 0.777733 0.435813 0.776820 0.398641 0.759516 0.435813 0.760429 0.398641 0.805596 0.681049 0.824591 0.681049 0.805845 0.718221 0.824477 0.718221 0.383709 0.782628 0.346600 0.781649 0.365056 0.940659 0.365454 0.896528 0.784590 0.718159 0.784667 0.681049 0.799782 0.718159 0.799829 0.681049 0.829422 0.859445 0.829427 0.918603 0.822157 0.865153 0.822156 0.918603 0.801167 0.945607 0.794167 0.939882 0.801414 0.885865 0.794143 0.885865 0.741652 0.945607 0.741289 0.885865 0.748616 0.939882 0.748545 0.885865 0.776558 0.918603 0.769302 0.918603 0.776560 0.865153 0.769310 0.859445 0.784337 0.846599 0.787958 0.853934 0.814395 0.846599 0.810759 0.853934 0.786268 0.958785 0.782788 0.951419 0.756575 0.958785 
						0.760015 0.951419 0.614119 0.874356 0.611539 0.868060 0.626842 0.861948 0.621716 0.857047 0.588667 0.874356 0.591183 0.868060 0.575945 0.861948 0.581007 0.857047 0.575959 0.774821 0.581009 0.779723 0.626833 0.774821 0.621717 0.779723 0.479417 0.762478 0.482166 0.768790 0.466517 0.774516 0.471983 0.779434 0.505350 0.762478 0.502562 0.768790 0.518271 0.774516 0.512762 0.779434 0.466975 0.860698 0.472071 0.855744 0.517957 0.860698 0.512791 0.855744 0.588595 0.762478 0.591185 0.768697 0.482260 0.866855 0.479675 0.873147 0.505278 0.873147 0.502618 0.866855 0.614197 0.762478 0.611541 0.768697 0.526121 0.910664 0.526008 0.902166 0.529948 0.910764 0.511622 0.904183 0.515449 0.904082 0.511510 0.912681 0.857312 0.856192 0.863230 0.861431 0.857040 0.921128 0.863176 0.921128 0.911660 0.856192 0.911846 0.921128 0.905691 0.861431 0.905673 0.921128 0.885504 0.945265 0.885815 0.881288 0.891890 0.940039 0.891951 0.881288 0.934448 0.881288 0.940621 0.881288 0.934427 0.940039 0.940833 0.945265 0.927018 0.957380 0.923788 0.950671 0.899301 0.957380 0.902514 0.950671 0.870928 0.843567 0.873853 0.850305 0.898060 0.843567 0.895082 0.850305 
					</float_array>
					<technique_common>
						<accessor count="1663" offset="0" source="#meshId0-tex0-array" stride="2">
							<param name="S" type="float" />
							<param name="T" type="float" />
						</accessor>
					</technique_common>
				</source>
				<vertices id="meshId0-vertices">
					<input semantic="POSITION" source="#meshId0-positions" />
				</vertices>
				<polylist count="1756" material="defaultMaterial">
					<input offset="0" semantic="VERTEX" source="#meshId0-vertices" />
					<input offset="0" semantic="NORMAL" source="#meshId0-normals" />
					<input offset="0" semantic="TANGENT" source="#meshId0-tangents" />
					<input offset="0" semantic="BINORMAL" source="#meshId0-bitangents" />
					<input offset="0" semantic="TEXCOORD" source="#meshId0-tex0" set="0" />
					<vcount>
						3 3 3 3 3 3 3 3 3 3 3 3 3 3 3 3 3 3 3 3 3 3 3 3 3 3 3 3 3 3 3 3 3 3 3 3 3 3 3 3 3 3 3 3 3 3 3 3 3 3 3 3 3 3 3 3 3 3 3 3 3 3 3 3 
						3 3 3 3 3 3 3 3 3 3 3 3 3 3 3 3 3 3 3 3 3 3 3 3 3 3 3 3 3 3 3 3 3 3 3 3 3 3 3 3 3 3 3 3 3 3 3 3 3 3 3 3 3 3 3 3 3 3 3 3 3 3 3 3 
						3 3 3 3 3 3 3 3 3 3 3 3 3 3 3 3 3 3 3 3 3 3 3 3 3 3 3 3 3 3 3 3 3 3 3 3 3 3 3 3 3 3 3 3 3 3 3 3 3 3 3 3 3 3 3 3 3 3 3 3 3 3 3 3 
						3 3 3 3 3 3 3 3 3 3 3 3 3 3 3 3 3 3 3 3 3 3 3 3 3 3 3 3 3 3 3 3 3 3 3 3 3 3 3 3 3 3 3 3 3 3 3 3 3 3 3 3 3 3 3 3 3 3 3 3 3 3 3 3 
						3 3 3 3 3 3 3 3 3 3 3 3 3 3 3 3 3 3 3 3 3 3 3 3 3 3 3 3 3 3 3 3 3 3 3 3 3 3 3 3 3 3 3 3 3 3 3 3 3 3 3 3 3 3 3 3 3 3 3 3 3 3 3 3 
						3 3 3 3 3 3 3 3 3 3 3 3 3 3 3 3 3 3 3 3 3 3 3 3 3 3 3 3 3 3 3 3 3 3 3 3 3 3 3 3 3 3 3 3 3 3 3 3 3 3 3 3 3 3 3 3 3 3 3 3 3 3 3 3 
						3 3 3 3 3 3 3 3 3 3 3 3 3 3 3 3 3 3 3 3 3 3 3 3 3 3 3 3 3 3 3 3 3 3 3 3 3 3 3 3 3 3 3 3 3 3 3 3 3 3 3 3 3 3 3 3 3 3 3 3 3 3 3 3 
						3 3 3 3 3 3 3 3 3 3 3 3 3 3 3 3 3 3 3 3 3 3 3 3 3 3 3 3 3 3 3 3 3 3 3 3 3 3 3 3 3 3 3 3 3 3 3 3 3 3 3 3 3 3 3 3 3 3 3 3 3 3 3 3 
						3 3 3 3 3 3 3 3 3 3 3 3 3 3 3 3 3 3 3 3 3 3 3 3 3 3 3 3 3 3 3 3 3 3 3 3 3 3 3 3 3 3 3 3 3 3 3 3 3 3 3 3 3 3 3 3 3 3 3 3 3 3 3 3 
						3 3 3 3 3 3 3 3 3 3 3 3 3 3 3 3 3 3 3 3 3 3 3 3 3 3 3 3 3 3 3 3 3 3 3 3 3 3 3 3 3 3 3 3 3 3 3 3 3 3 3 3 3 3 3 3 3 3 3 3 3 3 3 3 
						3 3 3 3 3 3 3 3 3 3 3 3 3 3 3 3 3 3 3 3 3 3 3 3 3 3 3 3 3 3 3 3 3 3 3 3 3 3 3 3 3 3 3 3 3 3 3 3 3 3 3 3 3 3 3 3 3 3 3 3 3 3 3 3 
						3 3 3 3 3 3 3 3 3 3 3 3 3 3 3 3 3 3 3 3 3 3 3 3 3 3 3 3 3 3 3 3 3 3 3 3 3 3 3 3 3 3 3 3 3 3 3 3 3 3 3 3 3 3 3 3 3 3 3 3 3 3 3 3 
						3 3 3 3 3 3 3 3 3 3 3 3 3 3 3 3 3 3 3 3 3 3 3 3 3 3 3 3 3 3 3 3 3 3 3 3 3 3 3 3 3 3 3 3 3 3 3 3 3 3 3 3 3 3 3 3 3 3 3 3 3 3 3 3 
						3 3 3 3 3 3 3 3 3 3 3 3 3 3 3 3 3 3 3 3 3 3 3 3 3 3 3 3 3 3 3 3 3 3 3 3 3 3 3 3 3 3 3 3 3 3 3 3 3 3 3 3 3 3 3 3 3 3 3 3 3 3 3 3 
						3 3 3 3 3 3 3 3 3 3 3 3 3 3 3 3 3 3 3 3 3 3 3 3 3 3 3 3 3 3 3 3 3 3 3 3 3 3 3 3 3 3 3 3 3 3 3 3 3 3 3 3 3 3 3 3 3 3 3 3 3 3 3 3 
						3 3 3 3 3 3 3 3 3 3 3 3 3 3 3 3 3 3 3 3 3 3 3 3 3 3 3 3 3 3 3 3 3 3 3 3 3 3 3 3 3 3 3 3 3 3 3 3 3 3 3 3 3 3 3 3 3 3 3 3 3 3 3 3 
						3 3 3 3 3 3 3 3 3 3 3 3 3 3 3 3 3 3 3 3 3 3 3 3 3 3 3 3 3 3 3 3 3 3 3 3 3 3 3 3 3 3 3 3 3 3 3 3 3 3 3 3 3 3 3 3 3 3 3 3 3 3 3 3 
						3 3 3 3 3 3 3 3 3 3 3 3 3 3 3 3 3 3 3 3 3 3 3 3 3 3 3 3 3 3 3 3 3 3 3 3 3 3 3 3 3 3 3 3 3 3 3 3 3 3 3 3 3 3 3 3 3 3 3 3 3 3 3 3 
						3 3 3 3 3 3 3 3 3 3 3 3 3 3 3 3 3 3 3 3 3 3 3 3 3 3 3 3 3 3 3 3 3 3 3 3 3 3 3 3 3 3 3 3 3 3 3 3 3 3 3 3 3 3 3 3 3 3 3 3 3 3 3 3 
						3 3 3 3 3 3 3 3 3 3 3 3 3 3 3 3 3 3 3 3 3 3 3 3 3 3 3 3 3 3 3 3 3 3 3 3 3 3 3 3 3 3 3 3 3 3 3 3 3 3 3 3 3 3 3 3 3 3 3 3 3 3 3 3 
						3 3 3 3 3 3 3 3 3 3 3 3 3 3 3 3 3 3 3 3 3 3 3 3 3 3 3 3 3 3 3 3 3 3 3 3 3 3 3 3 3 3 3 3 3 3 3 3 3 3 3 3 3 3 3 3 3 3 3 3 3 3 3 3 
						3 3 3 3 3 3 3 3 3 3 3 3 3 3 3 3 3 3 3 3 3 3 3 3 3 3 3 3 3 3 3 3 3 3 3 3 3 3 3 3 3 3 3 3 3 3 3 3 3 3 3 3 3 3 3 3 3 3 3 3 3 3 3 3 
						3 3 3 3 3 3 3 3 3 3 3 3 3 3 3 3 3 3 3 3 3 3 3 3 3 3 3 3 3 3 3 3 3 3 3 3 3 3 3 3 3 3 3 3 3 3 3 3 3 3 3 3 3 3 3 3 3 3 3 3 3 3 3 3 
						3 3 3 3 3 3 3 3 3 3 3 3 3 3 3 3 3 3 3 3 3 3 3 3 3 3 3 3 3 3 3 3 3 3 3 3 3 3 3 3 3 3 3 3 3 3 3 3 3 3 3 3 3 3 3 3 3 3 3 3 3 3 3 3 
						3 3 3 3 3 3 3 3 3 3 3 3 3 3 3 3 3 3 3 3 3 3 3 3 3 3 3 3 3 3 3 3 3 3 3 3 3 3 3 3 3 3 3 3 3 3 3 3 3 3 3 3 3 3 3 3 3 3 3 3 3 3 3 3 
						3 3 3 3 3 3 3 3 3 3 3 3 3 3 3 3 3 3 3 3 3 3 3 3 3 3 3 3 3 3 3 3 3 3 3 3 3 3 3 3 3 3 3 3 3 3 3 3 3 3 3 3 3 3 3 3 3 3 3 3 3 3 3 3 
						3 3 3 3 3 3 3 3 3 3 3 3 3 3 3 3 3 3 3 3 3 3 3 3 3 3 3 3 3 3 3 3 3 3 3 3 3 3 3 3 3 3 3 3 3 3 3 3 3 3 3 3 3 3 3 3 3 3 3 3 3 3 3 3 
						3 3 3 3 3 3 3 3 3 3 3 3 3 3 3 3 3 3 3 3 3 3 3 3 3 3 3 3 
					</vcount>
					<p>
						3 0 1 1 2 3 2 1 4 4 5 2 5 4 6 6 7 5 11 8 9 9 10 11 10 9 12 12 13 10 17 14 15 15 16 17 16 15 18 18 19 16 19 18 20 20 21 19 21 20 22 22 23 21 23 22 24 24 25 23 25 24 26 26 27 25 27 26 28 28 29 27 29 28 30 30 31 29 35 32 33 33 34 35 34 33 36 36 37 34 41 38 39 39 40 41 40 39 42 42 43 40 43 42 44 44 45 43 45 44 46 46 47 45 47 46 0 0 3 47 48 49 50 51 48 50 52 51 50 53 52 50 54 53 50 55 54 50 56 55 50 57 56 50 58 57 50 59 58 50 60 59 50 61 60 50 62 61 50 63 62 50 64 63 50 65 64 50 66 65 50 67 66 50 68 67 50 49 68 50 69 70 71 70 72 71 72 73 71 73 74 71 
						74 75 71 75 76 71 76 77 71 77 78 71 78 79 71 79 80 71 80 81 71 81 82 71 82 83 71 83 84 71 84 85 71 85 86 71 86 87 71 87 88 71 88 89 71 89 69 71 90 91 92 92 93 90 94 95 91 91 90 94 96 97 95 95 94 96 98 99 97 97 96 98 100 101 102 102 103 100 104 105 106 104 106 107 107 108 104 109 110 111 109 111 112 112 113 109 114 115 116 116 117 114 117 116 118 118 119 117 119 118 110 110 109 119 107 106 115 115 114 107 120 121 122 123 124 125 126 123 125 127 128 129 130 131 132 132 133 130 134 135 131 131 130 134 136 137 135 135 134 136 133 132 138 138 139 133 140 141 142 142 143 140 144 145 146 146 147 144 147 146 148 148 149 147 150 151 152 152 153 150 153 152 154 154 155 153 155 154 156 156 157 155 
						157 156 158 158 159 157 160 161 162 162 163 160 164 165 161 161 160 164 166 167 165 165 164 166 168 169 167 167 166 168 170 171 172 172 173 170 174 175 176 176 177 174 178 179 180 181 182 183 184 185 186 186 187 184 188 189 190 190 191 188 187 186 192 192 193 187 191 190 185 185 184 191 194 195 196 196 197 194 198 199 200 200 201 198 202 203 204 204 205 202 205 204 206 206 207 205 199 194 197 197 200 199 204 198 201 201 206 204 203 208 198 198 204 203 195 209 210 210 196 195 209 211 212 209 212 213 213 210 209 214 215 216 214 216 213 213 212 214 217 218 219 220 221 222 222 223 220 224 225 226 226 227 224 228 229 230 230 231 228 232 233 234 235 236 237 237 238 235 239 240 241 241 242 239 238 237 243 243 244 238 242 241 236 236 235 242 245 246 247 247 248 245 
						249 250 251 251 252 249 253 254 246 246 245 253 252 251 254 254 253 252 255 256 257 257 258 255 259 260 261 262 263 264 265 266 267 267 268 265 269 270 265 269 265 268 268 271 272 268 272 269 273 274 275 273 275 276 276 277 273 278 279 280 280 281 278 281 280 282 282 283 281 283 282 284 284 285 283 285 286 287 285 287 288 288 289 290 288 290 291 291 278 281 291 281 283 291 283 285 288 291 285 284 292 286 292 287 286 287 292 293 293 288 287 288 293 294 294 289 288 295 274 273 295 273 296 297 298 299 300 278 291 291 301 302 291 302 303 291 303 276 291 276 275 291 275 300 304 302 301 301 305 304 306 307 308 306 308 304 304 309 306 310 311 312 310 312 313 313 314 310 315 316 317 317 318 315 318 317 319 319 320 318 321 322 323 323 324 321 325 326 327 327 328 325 
						329 330 331 329 331 325 325 332 329 333 334 335 335 336 333 337 338 334 334 333 337 339 332 340 340 341 339 342 329 332 332 339 342 327 343 344 344 328 327 345 342 339 345 339 338 338 346 345 347 348 349 349 350 347 351 337 333 333 352 351 352 333 336 336 353 352 353 348 347 347 354 353 355 356 337 337 351 355 351 352 354 352 353 354 357 358 322 322 321 357 355 351 354 349 359 360 360 350 349 320 319 311 311 310 320 344 343 361 344 361 362 362 363 344 341 340 358 358 357 341 336 335 359 359 349 336 353 336 349 349 348 353 286 285 284 307 364 365 307 365 277 277 308 307 366 296 273 366 273 277 277 365 366 367 368 309 367 309 304 304 305 367 277 276 303 303 308 277 308 303 302 302 304 308 275 274 369 275 369 370 275 370 371 275 371 372 275 372 373 373 300 275 
						340 328 344 344 358 340 358 344 363 363 322 358 374 375 326 374 326 325 325 331 374 332 325 328 328 340 332 322 363 362 362 323 322 335 357 321 321 359 335 359 321 324 324 360 359 356 376 346 356 346 338 338 337 356 338 339 341 341 334 338 334 341 357 357 335 334 343 310 314 314 361 343 320 310 343 343 327 320 326 318 320 320 327 326 375 315 318 318 326 375 319 301 291 291 311 319 317 305 301 301 319 317 311 291 290 311 290 377 377 312 311 316 367 305 305 317 316 377 378 312 378 313 312 379 380 381 382 383 384 385 386 387 387 388 385 389 390 391 392 393 394 394 395 392 396 395 394 394 397 396 398 399 400 400 401 398 401 400 402 402 403 401 403 402 404 404 405 403 405 404 406 406 407 405 407 406 408 408 409 407 409 408 410 410 411 409 411 410 412 412 413 411 
						413 412 414 414 415 413 416 417 418 418 419 416 420 421 422 422 417 416 422 416 420 423 398 401 423 401 403 423 403 405 423 405 407 423 407 409 423 409 411 423 411 413 423 413 415 415 424 423 425 426 427 425 427 428 428 429 425 430 431 432 432 433 430 433 432 434 434 435 433 436 437 438 438 439 436 439 438 431 431 430 439 440 441 442 442 443 440 444 445 446 446 447 444 448 449 445 445 444 448 450 451 449 449 448 450 452 447 453 452 453 454 454 455 452 456 452 455 455 457 456 443 442 452 452 456 443 458 459 441 441 440 458 460 461 462 462 463 460 464 456 457 464 457 465 465 466 464 461 467 464 464 462 461 468 469 470 470 471 468 471 470 467 467 461 471 472 460 473 472 471 461 461 460 472 463 462 474 474 475 463 476 468 471 471 472 476 463 475 473 460 463 473 
						476 472 473 477 478 479 479 425 477 425 479 480 480 426 425 426 480 421 421 420 426 426 420 481 426 481 482 482 427 426 477 425 429 477 429 483 483 484 477 485 486 487 485 487 488 489 490 491 491 492 417 491 417 422 491 422 489 493 494 495 415 489 422 422 421 480 422 480 479 422 479 478 422 478 424 422 424 415 459 450 448 448 441 459 442 444 447 447 452 442 447 446 496 447 496 497 497 453 447 441 448 444 444 442 441 470 440 443 443 467 470 469 458 440 440 470 469 467 443 456 456 464 467 462 464 466 462 466 498 498 474 462 446 433 435 435 496 446 451 436 439 439 449 451 449 439 430 430 445 449 445 430 433 433 446 445 438 424 478 478 431 438 437 423 424 424 438 437 432 477 484 484 434 432 431 478 477 477 432 431 420 416 419 420 419 499 499 481 420 500 501 502 
						502 503 500 503 502 504 504 505 503 505 504 506 506 507 505 507 506 508 508 509 507 510 511 512 512 513 510 513 512 501 501 500 513 514 500 503 503 515 514 515 503 505 505 516 515 516 505 507 507 517 516 518 513 500 500 514 518 519 520 521 522 523 524 525 526 527 528 529 530 530 531 528 532 533 534 534 535 532 536 537 538 538 539 536 540 541 542 542 543 540 539 538 544 544 545 539 543 542 537 537 536 543 535 534 546 546 547 535 531 530 533 533 532 531 548 549 550 550 551 548 552 553 554 554 555 552 551 550 556 556 557 551 555 554 549 549 548 555 558 559 560 561 562 560 561 548 551 551 562 561 558 552 555 555 559 558 562 551 557 557 563 562 559 555 548 548 561 559 562 563 560 559 561 560 530 543 536 536 533 530 534 539 545 545 546 534 533 536 539 539 534 533 
						529 540 543 543 530 529 554 531 532 532 549 554 550 535 547 547 556 550 553 528 531 531 554 553 549 532 535 535 550 549 542 564 565 565 537 542 538 566 567 567 544 538 541 568 564 564 542 541 537 565 566 566 538 537 569 570 571 571 572 569 572 571 573 573 574 572 575 576 577 577 578 575 574 573 576 576 575 574 579 580 581 582 583 584 584 585 582 586 587 588 588 589 586 590 591 592 592 593 590 594 595 596 594 590 593 593 595 594 583 586 589 589 584 583 591 582 585 585 592 591 587 597 598 598 588 587 597 599 600 600 598 597 601 600 599 599 602 601 603 604 605 605 606 603 607 608 609 608 607 610 610 611 608 612 613 614 614 615 612 616 617 618 618 619 616 620 616 619 619 621 620 617 622 623 623 618 617 624 625 626 627 628 629 630 631 632 633 634 635 635 636 633 
						637 638 639 640 641 642 643 644 645 645 646 643 647 648 649 649 650 647 651 652 653 653 654 651 655 656 657 657 658 655 659 660 661 661 662 659 663 664 665 665 666 663 667 668 669 669 670 667 669 668 645 645 644 669 671 672 673 673 674 671 675 676 677 677 678 675 676 667 670 670 677 676 679 680 681 681 682 679 683 684 685 685 686 683 687 688 689 689 690 687 691 692 693 693 694 691 688 683 686 686 689 688 695 663 666 666 696 695 697 698 699 699 700 697 698 695 696 696 699 698 701 675 678 678 702 701 703 691 694 694 704 703 705 706 707 707 708 705 709 701 702 702 710 709 706 703 704 704 707 706 711 687 690 690 712 711 713 714 715 715 716 713 717 711 712 712 718 717 714 697 700 700 715 714 719 709 710 710 720 719 721 722 723 721 719 720 720 722 721 724 725 726 
						726 727 724 728 717 718 718 729 728 646 730 731 732 733 724 732 724 727 732 727 734 734 735 732 728 729 736 713 716 737 738 739 740 741 742 743 743 744 741 745 741 744 744 746 745 747 748 749 747 749 750 747 750 751 751 752 747 742 753 754 754 743 742 753 755 756 756 754 753 757 758 759 757 759 760 757 760 761 761 762 757 646 645 763 763 764 646 765 766 767 767 768 765 738 769 745 745 739 738 755 651 654 654 756 755 664 770 771 771 665 664 772 721 723 773 774 775 775 776 773 777 778 779 779 780 777 769 781 741 741 745 769 782 783 784 784 785 782 785 784 786 786 787 785 788 789 783 783 782 788 787 786 790 790 791 787 729 792 736 793 794 709 709 719 793 729 718 795 795 792 729 718 712 796 796 795 718 772 793 719 719 721 772 797 798 753 753 742 797 712 690 799 
						799 796 712 700 699 800 800 801 700 800 802 803 803 804 800 781 797 742 742 741 781 689 686 805 805 806 689 807 808 809 809 778 807 779 810 811 811 812 779 696 666 813 813 802 696 803 814 815 815 816 803 817 818 819 819 798 817 776 775 820 820 821 776 822 823 774 774 773 822 794 824 701 701 709 794 686 685 825 825 805 686 808 826 827 827 809 808 810 828 829 829 811 810 666 665 830 830 813 666 814 831 832 832 815 814 818 833 834 834 819 818 665 771 835 835 830 665 685 836 837 837 825 685 771 770 767 767 766 771 680 838 839 839 681 680 649 648 840 840 841 649 835 771 766 766 842 835 837 836 843 843 844 837 739 745 746 746 845 739 846 847 848 846 848 849 846 849 850 850 851 846 739 845 740 852 853 854 854 855 852 855 854 856 856 857 855 857 856 858 858 859 857 
						860 861 823 823 822 860 812 811 676 676 675 812 780 779 812 812 824 780 811 829 667 667 676 811 829 862 668 668 667 829 668 862 763 763 645 668 657 656 661 661 660 657 836 863 864 864 843 836 865 655 658 658 866 865 867 868 869 869 870 867 868 865 866 866 869 868 871 867 870 870 872 871 873 871 872 872 874 873 875 873 874 874 876 875 877 875 876 876 878 877 716 879 737 716 715 880 880 879 716 881 816 817 817 882 881 715 700 801 801 880 715 882 817 798 798 797 882 798 819 755 755 753 798 819 834 651 651 755 819 834 883 652 652 651 834 652 883 884 884 673 652 674 673 884 884 885 674 813 830 831 831 814 813 809 827 828 828 810 809 886 807 778 778 777 886 802 813 814 814 803 802 778 809 810 810 779 778 699 696 802 802 800 699 859 858 887 887 888 859 889 890 891 
						891 890 892 893 894 895 895 896 893 897 898 899 899 900 897 815 832 833 833 818 815 805 825 826 826 808 805 690 689 806 806 799 690 816 815 818 818 817 816 806 805 808 808 807 806 804 803 816 816 881 804 799 806 807 807 886 799 901 902 903 903 904 901 905 906 907 764 908 909 910 911 912 674 913 914 662 915 916 917 841 840 840 918 917 905 843 864 864 910 905 919 842 766 766 765 919 920 921 922 922 921 923 924 925 926 926 927 924 928 844 843 843 905 928 653 652 673 673 672 653 929 930 931 931 932 929 933 934 935 935 936 933 937 938 939 939 940 937 941 942 943 943 944 941 945 946 947 947 948 945 949 950 951 951 952 949 896 895 950 950 949 896 765 953 954 940 939 902 902 901 940 918 955 956 951 957 952 952 957 958 959 960 921 921 920 959 768 961 962 885 963 964 
						965 966 898 898 897 965 948 947 967 967 968 948 969 970 971 971 970 972 889 891 966 966 965 889 932 931 960 960 959 932 973 974 946 946 945 973 970 969 934 934 933 970 936 935 975 975 976 936 977 978 979 979 980 977 863 977 980 980 864 863 981 982 983 983 984 981 644 981 984 984 669 644 985 767 770 770 986 985 987 985 986 986 988 987 989 990 991 991 992 989 672 989 992 992 653 672 977 863 684 684 993 977 978 977 993 993 994 978 995 654 653 653 992 995 996 995 992 992 991 996 986 770 664 664 997 986 988 986 997 997 998 988 999 670 669 669 984 999 1000 999 984 984 983 1000 993 684 683 683 1001 993 994 993 1001 1001 1002 994 1003 756 654 654 995 1003 1004 1003 995 995 996 1004 997 664 663 663 1005 997 998 997 1005 1005 1006 998 1007 677 670 670 999 1007 1008 1007 999 999 1000 1008 
						1005 663 695 695 1009 1005 681 1010 1011 1011 682 681 1012 678 677 677 1007 1012 1013 1014 1015 1015 1016 1013 1003 1004 1017 1017 1018 1003 756 1003 1018 1018 754 756 1019 1020 1002 1002 1001 1019 688 1019 1001 1001 683 688 1012 1021 1022 1022 1023 1012 678 1012 1023 1023 702 678 1024 1025 1020 1020 1019 1024 687 1024 1019 1019 688 687 1026 743 754 754 1018 1026 1027 1026 1018 1018 1017 1027 1009 695 698 698 1028 1009 1029 1009 1028 1028 1030 1029 1024 687 711 711 1031 1024 870 1032 1033 1033 872 870 1034 744 743 743 1026 1034 871 1035 1036 1036 867 871 1028 698 697 697 1037 1028 694 1038 1039 1039 704 694 1040 710 702 702 1023 1040 703 1041 1042 1042 691 703 1035 871 873 873 1043 1035 744 1034 1044 1044 746 744 1045 707 704 704 1039 1045 714 1046 1037 1037 697 714 1041 703 706 706 1047 1041 710 1040 1048 1048 720 710 1049 874 872 872 1033 1049 717 1050 1031 1031 711 717 
						1050 717 728 728 1051 1050 874 1049 1052 1052 876 874 1053 845 746 746 1044 1053 875 1054 1043 1043 873 875 1046 714 713 713 1055 1046 1056 1046 1055 1055 1057 1056 1058 722 720 720 1048 1058 1059 1058 1048 1048 1060 1059 1055 713 737 737 1061 1055 726 1062 734 734 727 726 1063 723 722 722 1058 1063 724 733 1064 1064 725 724 1054 875 877 877 1065 1054 845 1053 1066 1066 740 845 1067 878 876 876 1052 1067 736 1068 1051 1051 728 736 980 979 1069 1069 1070 980 864 980 1070 1070 910 864 1071 1072 1073 1073 1072 1074 768 1071 1075 1075 1071 1076 1070 1069 1077 1077 1069 1078 910 1070 1079 1079 1070 1080 1081 1082 1083 1083 1082 1084 1082 671 1085 1085 671 1086 985 987 1072 1072 1071 985 767 985 1071 1071 768 767 1082 1081 990 990 989 1082 671 1082 989 989 672 671 1087 1088 982 982 981 1087 643 1087 981 981 644 643 1087 1089 1088 1088 1089 1090 1087 643 1091 1091 643 1092 
						684 863 836 836 685 684 1093 822 773 773 1094 1093 780 1095 1096 1096 777 780 1097 776 821 821 1098 1097 886 1099 1100 1100 799 886 1101 775 774 774 1102 1101 882 1103 1104 1104 881 882 1105 823 861 861 1106 1105 804 1107 1108 1108 800 804 1109 787 791 791 1110 1109 792 1111 1112 1112 736 792 1113 772 723 723 1114 1113 855 1115 1116 1116 852 855 1117 854 853 853 1118 1117 879 1119 1120 1120 737 879 1121 738 740 740 1122 1121 786 1123 1124 1124 790 786 1125 785 787 787 1109 1125 795 1126 1111 1111 792 795 1127 793 772 772 1113 1127 1128 1127 1113 1113 1129 1128 1130 1131 1132 1132 1119 1130 880 1130 1119 1119 879 880 1133 769 738 738 1121 1133 784 1134 1123 1123 786 784 1135 782 785 785 1125 1135 796 1136 1126 1126 795 796 1137 794 793 793 1127 1137 859 1138 1139 1139 857 859 1140 788 782 782 1135 1140 799 1100 1136 1136 796 799 1141 824 794 794 1137 1141 
						888 1142 1138 1138 859 888 1143 887 858 858 1144 1143 800 1108 1145 1145 801 800 1146 797 781 781 1147 1146 789 1148 1149 1149 783 789 1145 1150 1131 1131 1130 1145 801 1145 1130 1130 880 801 1147 781 769 769 1133 1147 783 1149 1134 1134 784 783 1151 860 822 822 1093 1151 824 1141 1095 1095 780 824 1102 774 823 823 1105 1102 881 1104 1107 1107 804 881 1094 773 776 776 1097 1094 777 1096 1099 1099 886 777 1152 820 775 775 1101 1152 797 1146 1103 1103 882 797 824 812 675 675 701 824 731 1092 646 646 1092 643 892 1153 891 1154 928 907 907 928 905 730 646 909 909 646 764 912 906 910 910 906 905 1086 671 914 914 671 674 916 1155 662 662 1155 659 922 1156 920 1157 919 954 954 919 765 1158 917 956 956 917 918 958 1159 952 953 765 962 962 765 768 913 674 964 964 674 885 971 1160 969 1073 1076 1071 1075 961 768 1077 1080 1070 1079 911 910 
						1083 1161 1081 1085 1084 1082 1090 1162 1088 1091 1089 1087 890 889 1159 1159 889 952 889 965 952 952 965 949 965 897 949 949 897 896 897 900 896 896 900 893 945 948 901 901 948 940 901 904 945 945 904 973 924 927 944 944 927 941 937 940 968 968 940 948 929 932 976 976 932 936 932 959 936 936 959 933 959 920 933 933 920 970 970 920 972 972 920 1156 1166 1163 1164 1164 1165 1166 1165 1164 1167 1167 1168 1165 1168 1167 1169 1169 1170 1168 1174 1171 1172 1172 1173 1174 1173 1172 1175 1175 1176 1173 1180 1177 1178 1178 1179 1180 1179 1178 1181 1181 1182 1179 1182 1181 1183 1183 1184 1182 1184 1183 1185 1185 1186 1184 1186 1185 1187 1187 1188 1186 1188 1187 1189 1189 1190 1188 1190 1189 1191 1191 1192 1190 1192 1191 1193 1193 1194 1192 1198 1195 1196 1196 1197 1198 1197 1196 1199 1199 1200 1197 1204 1201 1202 1202 1203 1204 1203 1202 1205 1205 1206 1203 1206 1205 1207 1207 1208 1206 
						1208 1207 1209 1209 1210 1208 1210 1209 1163 1163 1166 1210 1211 1212 1213 1214 1211 1213 1215 1214 1213 1216 1215 1213 1217 1216 1213 1218 1217 1213 1219 1218 1213 1220 1219 1213 1221 1220 1213 1222 1221 1213 1223 1222 1213 1224 1223 1213 1225 1224 1213 1226 1225 1213 1227 1226 1213 1228 1227 1213 1229 1228 1213 1230 1229 1213 1231 1230 1213 1212 1231 1213 1232 1233 1234 1233 1235 1234 1235 1236 1234 1236 1237 1234 1237 1238 1234 1238 1239 1234 1239 1240 1234 1240 1241 1234 1241 1242 1234 1242 1243 1234 1243 1244 1234 1244 1245 1234 1245 1246 1234 1246 1247 1234 1247 1248 1234 1248 1249 1234 1249 1250 1234 1250 1251 1234 1251 1252 1234 1252 1232 1234 1256 1253 1254 1254 1255 1256 1255 1254 1257 1257 1258 1255 1258 1257 1259 1259 1260 1258 1264 1261 1262 1262 1263 1264 1263 1262 1265 1265 1266 1263 1270 1267 1268 1268 1269 1270 1269 1268 1271 1271 1272 1269 1272 1271 1273 1273 1274 1272 1274 1273 1275 1275 1276 1274 1276 1275 1277 1277 1278 1276 
						1278 1277 1279 1279 1280 1278 1280 1279 1281 1281 1282 1280 1282 1281 1283 1283 1284 1282 1288 1285 1286 1286 1287 1288 1287 1286 1289 1289 1290 1287 1294 1291 1292 1292 1293 1294 1293 1292 1295 1295 1296 1293 1296 1295 1297 1297 1298 1296 1298 1297 1299 1299 1300 1298 1300 1299 1253 1253 1256 1300 1301 1302 1303 1304 1301 1303 1305 1304 1303 1306 1305 1303 1307 1306 1303 1308 1307 1303 1309 1308 1303 1310 1309 1303 1311 1310 1303 1312 1311 1303 1313 1312 1303 1314 1313 1303 1315 1314 1303 1316 1315 1303 1317 1316 1303 1318 1317 1303 1319 1318 1303 1320 1319 1303 1321 1320 1303 1302 1321 1303 1322 1323 1324 1323 1325 1324 1325 1326 1324 1326 1327 1324 1327 1328 1324 1328 1329 1324 1329 1330 1324 1330 1331 1324 1331 1332 1324 1332 1333 1324 1333 1334 1324 1334 1335 1324 1335 1336 1324 1336 1337 1324 1337 1338 1324 1338 1339 1324 1339 1340 1324 1340 1341 1324 1341 1342 1324 1342 1322 1324 1343 1344 1345 1344 1346 1345 1345 1346 1347 1348 1349 1350 
						1351 1352 1349 1349 1352 1350 1353 1354 1355 1355 1354 1356 1357 1358 1359 1359 1358 1360 1361 1362 1363 1363 1362 1364 1365 1366 1367 1367 1366 1368 1349 1369 1351 1351 1369 1370 1345 1347 1371 1371 1347 1372 1373 1374 1375 1375 1374 1376 1377 1378 1379 1379 1378 1380 1381 1382 1383 1383 1382 1384 1385 1386 1387 1387 1386 1388 1389 1390 1391 1391 1390 1392 1393 1394 1395 1395 1394 1396 1379 1380 1397 1397 1380 1398 1399 1373 1400 1400 1373 1375 1401 1402 1403 1403 1402 1404 1405 1406 1407 1407 1406 1408 1409 1410 1411 1411 1410 1412 1413 1414 1415 1415 1414 1416 1417 1418 1419 1419 1418 1420 1421 1422 1423 1423 1422 1424 1425 1426 1427 1427 1426 1428 1429 1430 1431 1431 1430 1432 1402 1411 1404 1404 1411 1412 1414 1407 1416 1416 1407 1408 1418 1427 1420 1420 1427 1428 1423 1424 1430 1430 1424 1432 1409 1429 1410 1410 1429 1431 1425 1413 1426 1426 1413 1415 1421 1401 1422 1422 1401 1403 1405 1417 1406 1406 1417 1419 1433 1434 1435 1435 1434 1436 
						1437 1438 1439 1439 1438 1440 1441 1442 1443 1443 1442 1444 1437 1445 1438 1355 1446 1353 1447 1353 1435 1446 1435 1353 1448 1449 1450 1450 1449 1451 1452 1453 1454 1454 1453 1455 1456 1457 1458 1458 1457 1459 1386 1460 1388 1461 1388 1454 1460 1454 1388 1448 1462 1449 1435 1436 1447 1447 1436 1463 1438 1464 1440 1440 1464 1465 1466 1467 1468 1468 1467 1469 1470 1471 1472 1472 1471 1473 1442 1474 1444 1444 1474 1475 1476 1477 1478 1478 1477 1479 1358 1357 1445 1464 1438 1357 1438 1445 1357 1435 1446 1433 1449 1480 1451 1451 1480 1481 1454 1455 1461 1461 1455 1482 1483 1484 1485 1485 1484 1486 1487 1488 1489 1489 1488 1490 1458 1459 1491 1491 1459 1492 1493 1494 1495 1495 1494 1496 1454 1460 1452 1382 1381 1462 1480 1449 1381 1449 1462 1381 1497 1498 1433 1433 1498 1434 1499 1437 1500 1500 1437 1439 1501 1441 1502 1502 1441 1443 1437 1499 1445 1499 1503 1445 1503 1471 1445 1471 1470 1445 1504 1505 1468 1506 1448 1507 1507 1448 1450 1508 1509 1452 
						1452 1509 1453 1510 1511 1456 1456 1511 1457 1512 1513 1489 1448 1506 1462 1506 1514 1462 1514 1484 1462 1484 1483 1462 1504 1515 1516 1516 1515 1517 1518 1519 1520 1520 1519 1521 1522 1523 1524 1524 1523 1525 1526 1527 1528 1528 1527 1529 1512 1530 1531 1531 1530 1532 1533 1534 1535 1535 1534 1536 1468 1469 1504 1504 1469 1515 1471 1518 1473 1473 1518 1520 1478 1479 1522 1522 1479 1523 1484 1526 1486 1486 1526 1528 1489 1490 1512 1512 1490 1530 1494 1533 1496 1496 1533 1535 1471 1503 1518 1433 1446 1497 1497 1446 1505 1505 1446 1468 1468 1446 1466 1452 1460 1508 1508 1460 1513 1513 1460 1489 1489 1460 1487 1484 1514 1526 1537 1538 1539 1540 1539 1346 1538 1346 1539 1350 1352 1541 1364 1362 1542 1542 1362 1543 1544 1519 1545 1518 1503 1519 1519 1503 1545 1538 1537 1516 1504 1516 1505 1516 1537 1505 1546 1547 1548 1548 1547 1549 1550 1551 1552 1552 1551 1553 1554 1555 1556 1556 1555 1557 1552 1553 1531 1512 1531 1513 1531 1553 1513 1547 1527 1549 
						1526 1514 1527 1527 1514 1549 1540 1346 1344 1545 1558 1544 1541 1352 1558 1352 1544 1558 1543 1559 1542 1542 1559 1560 1372 1561 1371 1371 1561 1562 1370 1369 1563 1563 1369 1564 1565 1566 1567 1567 1566 1568 1399 1400 1569 1569 1400 1570 1398 1571 1397 1397 1571 1572 1573 1574 1575 1575 1574 1576 1577 1578 1579 1579 1578 1580 1581 1582 1583 1583 1582 1584 1585 1586 1587 1587 1586 1588 1589 1590 1591 1591 1590 1592 1593 1594 1592 1592 1594 1591 1595 1596 1593 1593 1596 1594 1595 1577 1596 1596 1577 1579 1597 1598 1581 1581 1598 1582 1597 1599 1598 1598 1599 1600 1599 1585 1600 1600 1585 1587 1601 1602 1603 1603 1602 1604 1601 1605 1602 1602 1605 1606 1605 1607 1606 1606 1607 1608 1607 1609 1608 1608 1609 1610 1611 1603 1612 1612 1603 1604 1613 1614 1615 1615 1614 1616 1617 1618 1613 1613 1618 1614 1617 1619 1618 1618 1619 1620 1621 1615 1622 1622 1615 1616 1619 1623 1620 1620 1623 1624 1555 1554 1389 1389 1554 1390 1625 1626 1609 1609 1626 1610 
						1622 1627 1621 1621 1627 1628 1629 1630 1623 1623 1630 1624 1631 1611 1632 1632 1611 1612 1633 1634 1635 1636 1637 1638 1639 1640 1641 1641 1640 1642 1643 1644 1645 1645 1644 1646 1647 1648 1649 1649 1648 1650 1651 1652 1653 1653 1652 1654 1655 1656 1654 1654 1656 1653 1655 1657 1656 1656 1657 1658 1657 1647 1658 1658 1647 1649 1659 1660 1639 1639 1660 1640 1661 1662 1659 1659 1662 1660 1661 1643 1662 1662 1643 1645 
					</p>
				</polylist>
			</mesh>
		</geometry>
	</library_geometries>
	<library_visual_scenes>
		<visual_scene id="RootNode" name="RootNode">
			<node id="Knife" name="Knife">
				<matrix>1.000000 0.000000 0.000000 0.000000 0.000000 1.000000 0.000000 0.000000 0.000000 0.000000 1.000000 0.000000 0.000000 0.000000 0.000000 1.000000</matrix>
				<instance_geometry url="#meshId0">
					<bind_material>
						<technique_common>
							<instance_material symbol="defaultMaterial" target="#lambert1" />
						</technique_common>
					</bind_material>
				</instance_geometry>
			</node>
		</visual_scene>
	</library_visual_scenes>
	<scene>
		<instance_visual_scene url="#RootNode" />
	</scene>
</COLLADA>
